Date,Open,High,Low,Close,Volume,up_n,down_n,body_n,upper_bb,middle_bb,lower_bb
2026-05-18 01:21:00+03:00,4544.68,4545.13,4539.055,4539.825,453,7.4,12.7,79.9,4556.973306415085,4546.2808,4535.588293584916
2026-05-18 01:22:00+03:00,4539.885,4540.85,4538.175,4540.15,593,26.2,63.9,9.9,4556.8373575441365,4546.3604,4535.883442455863
2026-05-18 01:23:00+03:00,4540.015,4545.385,4539.39,4544.0,343,23.1,10.4,66.5,4556.614157704601,4546.5782,4536.542242295399
2026-05-18 01:24:00+03:00,4544.015,4546.0,4544.015,4545.43,240,28.7,0.0,71.3,4556.363325084859,4546.850799999999,4537.33827491514
2026-05-18 01:25:00+03:00,4545.315,4545.7,4539.9,4541.49,244,6.6,27.4,65.9,4556.158981859619,4546.9588,4537.758618140381
2026-05-18 01:26:00+03:00,4541.475,4541.955,4538.855,4541.895,221,1.9,84.5,13.5,4556.017130528873,4547.042,4538.066869471128
2026-05-18 01:27:00+03:00,4542.045,4543.77,4540.875,4541.495,135,59.6,21.4,19.0,4555.92711793537,4547.0924,4538.257682064629
2026-05-18 01:28:00+03:00,4541.615,4544.095,4541.365,4543.67,204,15.6,9.2,75.3,4555.7700753943145,4547.2134,4538.656724605685
2026-05-18 01:29:00+03:00,4543.625,4543.625,4541.14,4541.145,128,0.0,0.2,99.8,4555.900340791819,4547.0396,4538.178859208181
2026-05-18 01:30:00+03:00,4541.13,4548.295,4541.03,4548.17,339,1.7,1.4,96.9,4555.422518852461,4546.8566,4538.29068114754
2026-05-18 01:31:00+03:00,4548.17,4551.26,4546.55,4547.96,544,65.6,29.9,4.5,4555.166826276391,4546.741599999999,4538.316373723608
2026-05-18 01:32:00+03:00,4547.97,4549.205,4545.205,4546.135,241,30.9,23.3,45.9,4555.010378038127,4546.629999999999,4538.249621961872
2026-05-18 01:33:00+03:00,4546.16,4546.505,4544.195,4545.07,293,14.9,37.9,47.2,4554.63314945348,4546.4036,4538.17405054652
2026-05-18 01:34:00+03:00,4545.02,4548.0,4544.38,4544.65,240,82.3,7.5,10.2,4553.791862754094,4546.0534,4538.314937245906
2026-05-18 01:35:00+03:00,4544.645,4548.935,4544.645,4548.44,237,11.5,0.0,88.5,4553.1470720188645,4545.871,4538.594927981136
2026-05-18 01:36:00+03:00,4548.45,4548.605,4547.18,4547.795,168,10.9,43.2,46.0,4552.466434670855,4545.6778,4538.889165329144
2026-05-18 01:37:00+03:00,4547.805,4550.215,4547.545,4548.515,279,63.7,9.7,26.6,4551.67176541684,4545.4908,4539.30983458316
2026-05-18 01:38:00+03:00,4548.505,4552.905,4548.16,4550.82,648,43.9,7.3,48.8,4551.739735794571,4545.506599999999,4539.2734642054265
2026-05-18 01:39:00+03:00,4550.76,4552.735,4550.415,4551.25,432,64.0,14.9,21.1,4552.15805964532,4545.620599999999,4539.083140354679
2026-05-18 01:40:00+03:00,4551.105,4553.91,4550.425,4552.705,651,34.6,19.5,45.9,4552.906617321764,4545.8312,4538.755782678235
2026-05-18 01:41:00+03:00,4552.695,4553.485,4548.82,4549.51,459,16.9,14.8,68.3,4552.92182504438,4545.8362,4538.750574955619
2026-05-18 01:42:00+03:00,4549.42,4552.88,4547.945,4552.88,361,0.0,29.9,70.1,4553.682354554757,4546.0816,4538.480845445242
2026-05-18 01:43:00+03:00,4552.59,4553.43,4551.24,4553.065,307,16.7,61.6,21.7,4554.193706233359,4546.2216,4538.249493766641
2026-05-18 01:44:00+03:00,4553.085,4553.085,4549.92,4549.92,252,0.0,0.0,100.0,4554.504102496793,4546.4256,4538.347097503206
2026-05-18 01:45:00+03:00,4549.68,4553.85,4549.44,4553.845,448,0.1,5.4,94.4,4555.338823386034,4546.7932,4538.247576613966
2026-05-18 01:46:00+03:00,4553.915,4554.46,4552.675,4552.905,373,30.5,12.9,56.6,4555.691389683052,4547.3164,4538.941410316947
2026-05-18 01:47:00+03:00,4552.895,4553.85,4551.85,4552.42,426,47.7,28.5,23.8,4555.87734402932,4547.8072,4539.737055970681
2026-05-18 01:48:00+03:00,4552.43,4552.705,4551.57,4552.02,331,24.2,39.6,36.1,4556.204883062856,4548.128000000001,4540.051116937145
2026-05-18 01:49:00+03:00,4552.015,4552.24,4551.655,4551.77,242,38.5,19.7,41.9,4556.501722028472,4548.381600000001,4540.2614779715295
2026-05-18 01:50:00+03:00,4551.76,4552.005,4548.92,4549.235,427,7.9,10.2,81.8,4556.311763518218,4548.691400000001,4541.071036481783
2026-05-18 01:51:00+03:00,4549.225,4550.785,4549.2,4549.48,297,82.3,1.6,16.1,4556.094847030596,4548.9948,4541.894752969405
2026-05-18 01:52:00+03:00,4549.5,4551.42,4549.355,4550.32,328,53.3,7.0,39.7,4555.766031581439,4549.3478000000005,4542.929568418562
2026-05-18 01:53:00+03:00,4550.335,4550.605,4547.18,4547.205,472,7.9,0.7,91.4,4555.546459236186,4549.4892,4543.431940763814
2026-05-18 01:54:00+03:00,4547.2,4548.905,4546.97,4547.115,469,88.1,7.5,4.4,4554.848944445053,4549.728,4544.607055554947
2026-05-18 01:55:00+03:00,4547.11,4548.295,4546.785,4546.82,441,78.5,2.3,19.2,4554.887162573377,4549.674,4544.460837426623
2026-05-18 01:56:00+03:00,4546.815,4547.18,4543.67,4545.16,656,10.4,42.5,47.2,4555.0316464253465,4549.562,4544.092353574653
2026-05-18 01:57:00+03:00,4545.14,4550.02,4545.14,4547.29,465,55.9,0.0,44.1,4554.979914723236,4549.6082,4544.236485276763
2026-05-18 01:58:00+03:00,4547.285,4547.285,4545.385,4546.105,423,0.0,37.9,62.1,4554.895246513781,4549.649600000001,4544.40395348622
2026-05-18 01:59:00+03:00,4546.1,4546.42,4544.805,4546.04,285,19.8,76.5,3.7,4554.76383181435,4549.7052,4544.646568185651
2026-05-18 02:00:00+03:00,4546.05,4548.035,4544.455,4544.495,470,55.4,1.1,43.4,4554.985913122918,4549.5474,4544.108886877081
2026-05-18 02:01:00+03:00,4544.48,4547.71,4544.355,4547.12,294,17.6,3.7,78.7,4554.9999918990125,4549.520399999999,4544.040808100986
2026-05-18 02:02:00+03:00,4547.245,4547.44,4543.755,4544.82,365,5.3,28.9,65.8,4555.14423901856,4549.3726,4543.600960981439
2026-05-18 02:03:00+03:00,4544.825,4547.47,4544.715,4546.405,290,38.7,4.0,57.4,4555.049284206913,4549.196,4543.342715793086
2026-05-18 02:04:00+03:00,4546.38,4546.79,4545.27,4545.46,165,27.0,12.5,60.5,4554.931357898004,4548.9644,4542.997442101996
2026-05-18 02:05:00+03:00,4545.41,4545.415,4540.2,4542.085,366,0.1,36.1,63.8,4554.881225608406,4548.5396,4542.1979743915945
2026-05-18 02:06:00+03:00,4542.06,4542.655,4539.74,4541.86,394,20.4,72.7,6.9,4555.076825272848,4548.2336000000005,4541.390374727153
2026-05-18 02:07:00+03:00,4541.85,4542.655,4539.56,4540.45,357,26.0,28.8,45.2,4554.953058794026,4547.7364,4540.519741205973
2026-05-18 02:08:00+03:00,4540.465,4542.81,4540.465,4540.82,530,84.9,0.0,15.1,4554.610794847721,4547.2466,4539.88240515228
2026-05-18 02:09:00+03:00,4540.895,4542.785,4540.895,4541.725,432,56.1,0.0,43.9,4554.504056371135,4546.9188,4539.333543628865
2026-05-18 02:10:00+03:00,4541.7,4546.0,4541.05,4545.32,510,13.7,13.1,73.1,4553.635024429022,4546.5778,4539.520575570978
2026-05-18 02:11:00+03:00,4545.315,4545.39,4544.035,4544.175,349,5.5,10.3,84.1,4552.849404493981,4546.2286,4539.60779550602
2026-05-18 02:12:00+03:00,4544.185,4544.53,4540.185,4540.725,551,7.9,12.4,79.6,4552.216239056833,4545.760800000001,4539.305360943169
2026-05-18 02:13:00+03:00,4540.77,4543.285,4540.77,4542.72,320,22.5,0.0,77.5,4551.416252050088,4545.388800000001,4539.361347949914
2026-05-18 02:14:00+03:00,4542.735,4543.02,4541.19,4541.63,364,15.6,24.0,60.4,4550.588336129101,4544.983200000001,4539.3780638709
2026-05-18 02:15:00+03:00,4541.665,4542.52,4541.085,4541.665,180,59.6,40.4,0.0,4550.150319868409,4544.6804,4539.210480131592
2026-05-18 02:16:00+03:00,4541.685,4541.725,4540.615,4541.075,236,3.6,41.4,55.0,4549.622641192909,4544.3442000000005,4539.065758807092
2026-05-18 02:17:00+03:00,4541.13,4541.825,4538.755,4540.335,429,22.6,51.5,25.9,4548.852143461651,4543.9448,4539.037456538349
2026-05-18 02:18:00+03:00,4540.745,4543.525,4540.2,4541.355,358,65.3,16.4,18.3,4548.531121716782,4543.7108,4538.890478283218
2026-05-18 02:19:00+03:00,4541.385,4541.62,4539.295,4539.77,280,10.1,20.4,69.5,4548.266828861845,4543.417,4538.567171138156
2026-05-18 02:20:00+03:00,4539.86,4543.56,4539.86,4543.52,317,1.1,0.0,98.9,4547.932577430595,4543.285000000001,4538.637422569406
2026-05-18 02:21:00+03:00,4543.46,4544.18,4542.725,4543.69,329,33.7,50.5,15.8,4547.814215935039,4543.226200000001,4538.638184064963
2026-05-18 02:22:00+03:00,4543.57,4544.785,4542.83,4542.935,297,62.1,5.4,32.5,4547.329821873807,4543.052000000001,4538.774178126194
2026-05-18 02:23:00+03:00,4542.95,4543.17,4541.53,4541.53,336,13.4,0.0,86.6,4546.997572632766,4542.869000000001,4538.740427367236
2026-05-18 02:24:00+03:00,4541.555,4543.1,4540.805,4541.89,406,52.7,32.7,14.6,4546.63738686001,4542.703000000001,4538.768613139992
2026-05-18 02:25:00+03:00,4541.885,4543.895,4540.18,4540.195,489,54.1,0.4,45.5,4546.5126669854335,4542.531000000001,4538.549333014568
2026-05-18 02:26:00+03:00,4539.955,4540.66,4539.23,4539.84,478,49.3,42.7,8.0,4545.88722262487,4542.239800000001,4538.592377375132
2026-05-18 02:27:00+03:00,4539.845,4542.1,4539.76,4540.44,619,70.9,3.6,25.4,4545.619034884706,4542.064600000001,4538.510165115295
2026-05-18 02:28:00+03:00,4540.43,4540.76,4538.115,4539.35,577,12.5,46.7,40.8,4545.019722496277,4541.782400000001,4538.545077503725
2026-05-18 02:29:00+03:00,4539.34,4540.47,4538.14,4538.275,474,48.5,5.8,45.7,4544.650027731205,4541.495000000001,4538.339972268796
2026-05-18 02:30:00+03:00,4538.28,4538.565,4535.055,4536.875,759,8.1,51.9,40.0,4544.911498033517,4541.2866,4537.661701966484
2026-05-18 02:31:00+03:00,4537.115,4538.535,4536.96,4537.975,532,35.6,9.8,54.6,4544.971167997299,4541.131200000001,4537.291232002703
2026-05-18 02:32:00+03:00,4537.97,4539.2,4536.895,4538.925,470,11.9,46.6,41.4,4544.99893972352,4541.070200000001,4537.141460276482
2026-05-18 02:33:00+03:00,4538.93,4538.93,4536.935,4538.395,289,0.0,73.2,26.8,4545.039207253768,4540.973200000001,4536.907192746235
2026-05-18 02:34:00+03:00,4538.355,4539.715,4537.045,4539.15,453,21.2,49.1,29.8,4544.984977733843,4540.870200000001,4536.755422266159
2026-05-18 02:35:00+03:00,4539.22,4541.485,4537.065,4537.64,354,51.2,13.0,35.7,4544.44311133427,4540.563000000001,4536.682888665732
2026-05-18 02:36:00+03:00,4537.66,4539.855,4537.035,4539.855,238,0.0,22.2,77.8,4543.985833436168,4540.390200000001,4536.7945665638335
2026-05-18 02:37:00+03:00,4539.88,4541.685,4539.88,4541.21,340,26.3,0.0,73.7,4544.017462432209,4540.409600000001,4536.801737567793
2026-05-18 02:38:00+03:00,4541.23,4541.825,4539.06,4539.915,339,21.5,30.9,47.6,4543.78328366841,4540.2974,4536.811516331591
2026-05-18 02:39:00+03:00,4539.93,4540.035,4538.125,4539.345,322,5.5,63.9,30.6,4543.667064577461,4540.206,4536.744935422539
2026-05-18 02:40:00+03:00,4539.65,4539.925,4532.685,4533.425,769,3.8,10.2,86.0,4544.184641882553,4539.876400000001,4535.5681581174495
2026-05-18 02:41:00+03:00,4533.515,4537.465,4533.005,4536.465,846,22.4,11.4,66.1,4544.170514929605,4539.692000000001,4535.213485070397
2026-05-18 02:42:00+03:00,4536.45,4537.965,4535.895,4537.305,494,31.9,26.8,41.3,4544.136304290129,4539.5708,4535.005295709872
2026-05-18 02:43:00+03:00,4537.295,4540.1,4537.095,4539.425,413,22.5,6.7,70.9,4544.000711284932,4539.493600000001,4534.98648871507
2026-05-18 02:44:00+03:00,4539.425,4541.255,4539.07,4539.17,425,83.8,4.6,11.7,4543.976958357909,4539.4696,4534.962241642092
2026-05-18 02:45:00+03:00,4539.16,4539.315,4533.0,4534.21,869,2.5,19.2,78.4,4543.740773689548,4539.097200000001,4534.453626310454
2026-05-18 02:46:00+03:00,4534.15,4535.535,4532.25,4533.5,616,42.2,38.1,19.8,4543.436788573706,4538.689600000001,4533.942411426296
2026-05-18 02:47:00+03:00,4533.47,4536.03,4532.865,4536.03,570,0.0,19.1,80.9,4542.938735537935,4538.413400000001,4533.888064462068
2026-05-18 02:48:00+03:00,4536.05,4540.45,4536.045,4539.52,699,21.1,0.1,78.8,4542.702739576682,4538.333000000001,4533.963260423321
2026-05-18 02:49:00+03:00,4539.51,4539.985,4537.78,4537.995,476,21.5,9.8,68.7,4542.2992684869405,4538.177200000001,4534.0551315130615
2026-05-18 02:50:00+03:00,4538.055,4540.005,4537.675,4538.19,466,77.9,16.3,5.8,4542.13609692805,4538.097000000001,4534.057903071951
2026-05-18 02:51:00+03:00,4538.155,4539.915,4537.495,4539.3,379,25.4,27.3,47.3,4542.082631382064,4538.075400000001,4534.068168617937
2026-05-18 02:52:00+03:00,4539.285,4541.235,4539.135,4540.925,352,14.8,7.1,78.1,4542.152018235937,4538.094800000001,4534.037581764064
2026-05-18 02:53:00+03:00,4540.975,4544.32,4540.905,4543.16,461,34.0,2.0,64.0,4542.743980251957,4538.247200000001,4533.750419748045
2026-05-18 02:54:00+03:00,4543.185,4544.185,4540.495,4541.14,359,27.1,17.5,55.4,4542.999396683576,4538.3618000000015,4533.724203316428
2026-05-18 02:55:00+03:00,4541.175,4541.375,4537.2,4539.025,458,4.8,43.7,51.5,4543.051537679696,4538.447800000001,4533.844062320306
2026-05-18 02:56:00+03:00,4539.135,4542.405,4537.55,4538.365,408,67.4,16.8,15.9,4543.063264972054,4538.463400000001,4533.863535027947
2026-05-18 02:57:00+03:00,4538.33,4538.81,4536.155,4537.095,507,18.1,35.4,46.5,4543.016519901504,4538.390200000001,4533.763880098498
2026-05-18 02:58:00+03:00,4537.12,4537.51,4535.5,4536.17,449,19.4,33.3,47.3,4543.00862331174,4538.301200000001,4533.593776688262
2026-05-18 02:59:00+03:00,4536.165,4537.99,4535.795,4537.21,396,35.5,16.9,47.6,4542.936453502301,4538.223600000001,4533.510746497701
2026-05-18 03:00:00+03:00,4537.215,4542.635,4533.12,4533.795,1347,57.0,7.1,35.9,4543.089747790238,4538.069800000001,4533.049852209764
2026-05-18 03:01:00+03:00,4533.685,4538.11,4531.49,4532.445,1025,66.8,14.4,18.7,4543.195640657185,4537.773400000001,4532.351159342817
2026-05-18 03:02:00+03:00,4532.47,4539.445,4530.36,4539.4,1123,0.5,23.2,76.3,4542.984315627052,4537.701,4532.417684372948
2026-05-18 03:03:00+03:00,4539.63,4540.05,4530.155,4532.35,1206,4.2,22.2,73.6,4542.996987477771,4537.398400000001,4531.799812522231
2026-05-18 03:04:00+03:00,4532.33,4535.09,4530.98,4531.07,780,67.2,2.2,30.7,4543.126066597737,4537.067400000001,4531.008733402265
2026-05-18 03:05:00+03:00,4531.08,4533.835,4527.915,4528.735,1310,46.5,13.9,39.6,4543.629063354567,4536.879800000001,4530.130536645434
2026-05-18 03:06:00+03:00,4528.78,4532.245,4527.97,4530.77,1193,34.5,18.9,46.5,4543.813717669676,4536.652000000001,4529.4902823303255
2026-05-18 03:07:00+03:00,4530.61,4531.12,4527.96,4528.745,1199,16.1,24.8,59.0,4544.104234523881,4536.3096000000005,4528.51496547612
2026-05-18 03:08:00+03:00,4528.68,4529.815,4525.02,4525.26,1045,23.7,5.0,71.3,4544.54380996262,4535.743,4526.942190037381
2026-05-18 03:09:00+03:00,4525.31,4527.965,4523.12,4523.98,710,54.8,17.8,27.5,4544.945464188107,4535.1354,4525.325335811894
2026-05-18 03:10:00+03:00,4523.955,4527.0,4523.92,4524.475,912,82.0,1.1,16.9,4545.40793565986,4534.746,4524.08406434014
2026-05-18 03:11:00+03:00,4524.28,4529.875,4524.11,4528.89,906,17.1,2.9,80.0,4545.46019136589,4534.5616,4523.66300863411
2026-05-18 03:12:00+03:00,4529.005,4530.15,4526.84,4526.895,1014,34.6,1.7,63.7,4545.479130214679,4534.1962,4522.913269785322
2026-05-18 03:13:00+03:00,4526.905,4526.92,4523.93,4526.205,790,0.5,76.1,23.4,4545.146304042984,4533.663600000001,4522.180895957017
2026-05-18 03:14:00+03:00,4526.265,4527.25,4524.17,4526.495,779,24.5,68.0,7.5,4544.87521257703,4533.203600000001,4521.531987422972
2026-05-18 03:15:00+03:00,4526.515,4527.695,4523.985,4526.43,1187,31.8,65.9,2.3,4544.510476044306,4532.733200000001,4520.955923955695
2026-05-18 03:16:00+03:00,4526.475,4528.675,4525.205,4527.535,1136,32.9,36.6,30.5,4543.8919645966425,4532.262600000001,4520.633235403359
2026-05-18 03:17:00+03:00,4527.625,4529.6,4526.38,4527.65,896,60.6,38.7,0.8,4542.934836218224,4531.7316,4520.5283637817765
2026-05-18 03:18:00+03:00,4527.655,4529.48,4524.99,4526.795,953,40.6,40.2,19.2,4541.411426350606,4531.077,4520.742573649394
2026-05-18 03:19:00+03:00,4526.81,4527.44,4523.24,4523.31,1150,15.0,1.7,83.3,4540.274184565346,4530.3638,4520.453415434654
2026-05-18 03:20:00+03:00,4523.3,4533.755,4523.265,4533.48,848,2.6,0.3,97.0,4539.499886086903,4530.142,4520.784113913097
2026-05-18 03:21:00+03:00,4533.64,4533.72,4526.53,4526.705,898,1.1,2.4,96.5,4538.494395528165,4529.6756,4520.856804471834
2026-05-18 03:22:00+03:00,4526.66,4528.035,4525.845,4526.35,764,62.8,23.1,14.2,4537.612052531713,4529.245800000001,4520.879547468288
2026-05-18 03:23:00+03:00,4526.295,4527.1,4523.615,4524.14,800,23.1,15.1,61.8,4536.862001518802,4528.7646,4520.667198481199
2026-05-18 03:24:00+03:00,4524.31,4524.55,4517.14,4517.48,1316,3.2,4.6,92.2,4536.462999860314,4527.975399999999,4519.487800139685
2026-05-18 03:25:00+03:00,4517.475,4519.925,4517.435,4519.7,1031,9.0,1.6,89.4,4536.1469414238,4527.411599999999,4518.676258576199
2026-05-18 03:26:00+03:00,4519.685,4521.035,4516.98,4520.06,1139,24.0,66.7,9.2,4535.855900792685,4526.9162,4517.976499207314
2026-05-18 03:27:00+03:00,4520.015,4520.14,4517.175,4517.74,867,4.2,19.1,76.7,4534.140092690204,4526.049800000001,4517.959507309797
2026-05-18 03:28:00+03:00,4517.845,4519.905,4516.015,4517.67,1062,53.0,42.5,4.5,4533.766706512588,4525.4626,4517.158493487412
2026-05-18 03:29:00+03:00,4517.655,4517.85,4514.48,4515.99,865,5.8,44.8,49.4,4533.624600428702,4524.8594,4516.094199571298
2026-05-18 03:30:00+03:00,4515.92,4518.39,4514.705,4515.24,1175,67.0,14.5,18.5,4533.703906866471,4524.3196,4514.935293133529
2026-05-18 03:31:00+03:00,4515.18,4519.105,4515.135,4516.945,1182,54.4,1.1,44.5,4533.194553636539,4523.7666,4514.338646363461
2026-05-18 03:32:00+03:00,4516.93,4517.88,4515.525,4515.665,813,40.3,5.9,53.7,4532.955639172832,4523.2434,4513.531160827169
2026-05-18 03:33:00+03:00,4515.625,4516.515,4500.195,4500.635,1660,5.5,2.7,91.9,4535.35719314086,4522.258400000001,4509.159606859142
2026-05-18 03:34:00+03:00,4500.79,4501.345,4487.82,4492.36,2497,4.1,33.6,62.3,4538.535879559291,4520.993600000001,4503.45132044071
2026-05-18 03:35:00+03:00,4492.485,4500.37,4492.485,4499.29,1798,13.7,0.0,86.3,4539.405271302036,4519.9862,4500.567128697964
2026-05-18 03:36:00+03:00,4498.95,4503.24,4498.64,4501.135,1415,45.8,6.7,47.5,4539.280523224377,4518.876,4498.471476775623
2026-05-18 03:37:00+03:00,4501.115,4501.45,4489.32,4497.21,1751,2.8,65.0,32.2,4539.495082618402,4517.6886,4495.882117381597
2026-05-18 03:38:00+03:00,4496.825,4497.45,4491.195,4492.63,1422,10.0,22.9,67.1,4539.950107759717,4516.3456,4492.741092240282
2026-05-18 03:39:00+03:00,4492.65,4494.655,4489.385,4490.245,1392,38.0,16.3,45.6,4540.219101862737,4514.8956,4489.572098137262
2026-05-18 03:40:00+03:00,4490.17,4493.62,4483.51,4486.115,2204,34.1,25.8,40.1,4540.52492944769,4513.282999999999,4486.041070552309
2026-05-18 03:41:00+03:00,4486.135,4487.805,4483.9,4485.665,1261,42.8,45.2,12.0,4540.25160075961,4511.6082,4482.96479924039
2026-05-18 03:42:00+03:00,4485.65,4487.305,4483.82,4487.16,1251,4.2,52.5,43.3,4539.389484547488,4509.9886,4480.587715452512
2026-05-18 03:43:00+03:00,4487.215,4487.68,4483.715,4484.645,1277,11.7,23.5,64.8,4538.479022998462,4508.3026,4478.126177001538
2026-05-18 03:44:00+03:00,4484.695,4487.14,4480.415,4481.745,1036,36.4,19.8,43.9,4537.886967852833,4506.64,4475.393032147168
2026-05-18 03:45:00+03:00,4481.485,4485.34,4480.41,4485.16,1124,3.7,21.8,74.5,4535.038551843089,4504.707200000001,4474.375848156912
2026-05-18 03:46:00+03:00,4485.18,4490.195,4485.18,4489.875,1256,6.4,0.0,93.6,4532.71423378479,4503.234,4473.753766215211
2026-05-18 03:47:00+03:00,4489.96,4490.48,4487.0,4488.81,1181,14.9,52.0,33.0,4530.155231403381,4501.7324,4473.309568596619
2026-05-18 03:48:00+03:00,4488.745,4492.6,4487.96,4491.82,1247,16.8,16.9,66.3,4527.579180678256,4500.4396,4473.300019321743
2026-05-18 03:49:00+03:00,4491.845,4496.68,4491.305,4494.535,1156,39.9,10.0,50.0,4525.833502017905,4499.5218,4473.210097982094
2026-05-18 03:50:00+03:00,4494.55,4495.97,4491.85,4494.87,1543,26.7,65.5,7.8,4523.562109466203,4498.5286,4473.495090533796
2026-05-18 03:51:00+03:00,4494.58,4495.11,4490.32,4491.06,1350,11.1,15.4,73.5,4520.949159878775,4497.3686,4473.788040121225
2026-05-18 03:52:00+03:00,4491.1,4491.42,4488.765,4489.085,892,12.1,12.1,75.9,4518.479254247571,4496.2224,4473.965545752429
2026-05-18 03:53:00+03:00,4489.05,4492.275,4488.805,4490.605,1238,48.1,7.1,44.8,4515.68556286925,4495.1398,4474.59403713075
2026-05-18 03:54:00+03:00,4490.56,4492.02,4486.49,4491.96,1057,1.1,73.6,25.3,4512.900074198932,4494.1786,4475.457125801068
2026-05-18 03:55:00+03:00,4491.945,4494.53,4491.575,4493.485,1341,35.4,12.5,52.1,4509.93874472876,4493.3084,4476.67805527124
2026-05-18 03:56:00+03:00,4493.495,4506.66,4493.495,4503.575,1431,23.4,0.0,76.6,4507.01784782894,4492.7736,4478.529352171059
2026-05-18 03:57:00+03:00,4503.57,4507.16,4502.32,4506.005,1201,23.9,25.8,50.3,4504.489678120764,4492.3872,4480.284721879236
2026-05-18 03:58:00+03:00,4505.99,4506.035,4502.175,4504.74,1122,1.2,66.5,32.4,4505.196264735229,4492.5514,4479.906535264771
2026-05-18 03:59:00+03:00,4504.765,4516.745,4504.74,4514.795,1741,16.2,0.2,83.5,4508.805553376355,4493.4488,4478.092046623645
2026-05-18 04:00:00+03:00,4514.795,4516.08,4502.245,4505.465,3195,9.3,23.3,67.4,4509.608969057184,4493.6958,4477.7826309428165
2026-05-18 04:01:00+03:00,4505.47,4505.56,4497.42,4498.855,1780,1.1,17.6,81.3,4509.37164738881,4493.604600000001,4477.837552611191
2026-05-18 04:02:00+03:00,4498.945,4504.41,4494.135,4494.365,1531,53.2,2.2,44.6,4509.193050457723,4493.4908000000005,4477.788549542278
2026-05-18 04:03:00+03:00,4494.365,4496.21,4489.535,4494.67,1903,23.1,72.4,4.6,4509.277111425888,4493.5724,4477.867688574112
2026-05-18 04:04:00+03:00,4494.765,4501.48,4494.125,4497.955,1678,47.9,8.7,43.4,4509.6148145372845,4493.8808,4478.146785462715
2026-05-18 04:05:00+03:00,4497.9,4502.765,4496.535,4501.94,1624,13.2,21.9,64.8,4510.220465663791,4494.5138,4478.807134336208
2026-05-18 04:06:00+03:00,4501.925,4504.83,4497.995,4503.09,1744,25.5,57.5,17.0,4510.831174562372,4495.2108,4479.590425437627
2026-05-18 04:07:00+03:00,4503.06,4503.06,4492.75,4498.13,1823,0.0,52.2,47.8,4510.953812994155,4495.649600000001,4480.345387005847
2026-05-18 04:08:00+03:00,4498.065,4501.945,4495.07,4500.215,1344,25.2,43.6,31.3,4510.990622752419,4496.2724,4481.554177247581
2026-05-18 04:09:00+03:00,4500.405,4502.485,4495.99,4501.75,1304,11.3,68.0,20.7,4510.6776799695135,4497.0726,4483.467520030487
2026-05-18 04:10:00+03:00,4501.605,4502.38,4494.92,4501.945,1299,5.8,89.6,4.6,4510.565385572903,4497.744000000001,4484.922614427098
2026-05-18 04:11:00+03:00,4501.86,4505.765,4500.08,4504.4,966,24.0,31.3,44.7,4510.982751460552,4498.325,4485.667248539447
2026-05-18 04:12:00+03:00,4504.405,4504.415,4499.8,4502.22,1106,0.2,52.4,47.3,4510.98614742791,4498.8614,4486.73665257209
2026-05-18 04:13:00+03:00,4502.205,4502.915,4497.365,4500.715,1426,12.8,60.4,26.8,4511.012107743114,4499.2172,4487.422292256886
2026-05-18 04:14:00+03:00,4500.67,4501.685,4494.28,4496.05,1681,13.7,23.9,62.4,4510.99114557972,4499.2778,4487.56445442028
2026-05-18 04:15:00+03:00,4496.02,4499.055,4493.205,4496.44,1693,44.7,48.1,7.2,4510.975315063021,4499.3406,4487.705884936978
2026-05-18 04:16:00+03:00,4496.445,4499.975,4494.99,4498.03,1371,39.0,29.2,31.8,4510.771062234511,4499.6194,4488.467737765488
2026-05-18 04:17:00+03:00,4497.985,4500.08,4495.91,4498.62,1396,35.0,49.8,15.2,4510.305252506619,4500.0008,4489.696347493381
2026-05-18 04:18:00+03:00,4498.635,4500.805,4496.445,4498.47,1405,49.8,46.4,3.8,4509.908929871891,4500.3154,4490.721870128108
2026-05-18 04:19:00+03:00,4498.455,4499.37,4495.315,4498.475,914,22.1,77.4,0.5,4509.583555940586,4500.576,4491.568444059414
2026-05-18 04:20:00+03:00,4498.38,4500.935,4493.68,4495.59,1568,35.2,26.3,38.5,4509.437453094023,4500.660199999999,4491.882946905976
2026-05-18 04:21:00+03:00,4495.635,4499.71,4494.43,4499.225,1242,9.2,22.8,68.0,4509.197644556015,4500.4862,4491.774755443986
2026-05-18 04:22:00+03:00,4499.195,4501.71,4498.5,4501.335,1338,11.7,21.7,66.7,4508.725064281939,4500.2994,4491.873735718061
2026-05-18 04:23:00+03:00,4501.325,4502.46,4498.555,4500.225,1322,29.1,42.8,28.2,4508.3472391152,4500.1188,4491.8903608848
2026-05-18 04:24:00+03:00,4500.24,4508.125,4500.065,4506.51,1902,20.0,2.2,77.8,4506.059637319679,4499.7874,4493.515162680322
2026-05-18 04:25:00+03:00,4506.49,4506.625,4498.52,4502.265,1796,1.7,46.2,52.1,4505.583922139146,4499.6594000000005,4493.734877860855
2026-05-18 04:26:00+03:00,4502.31,4510.045,4502.31,4506.9,1651,40.7,0.0,59.3,4506.536382550807,4499.9812,4493.426017449194
2026-05-18 04:27:00+03:00,4506.895,4507.96,4503.435,4507.01,1594,21.0,76.5,2.5,4507.180657897623,4500.486999999999,4493.793342102375
2026-05-18 04:28:00+03:00,4507.03,4508.28,4501.935,4503.485,1376,19.7,24.4,55.9,4507.19033471423,4500.839599999999,4494.488865285769
2026-05-18 04:29:00+03:00,4503.505,4505.77,4502.78,4504.01,1246,58.9,24.2,16.9,4507.435859419482,4501.081799999999,4494.727740580516
2026-05-18 04:30:00+03:00,4504.36,4507.285,4502.175,4504.955,1710,45.6,42.8,11.6,4507.729138926952,4501.202399999999,4494.675661073046
2026-05-18 04:31:00+03:00,4504.95,4507.565,4501.425,4507.01,1599,9.0,57.4,33.6,4508.238618980575,4501.359199999999,4494.479781019423
2026-05-18 04:32:00+03:00,4507.015,4510.96,4506.91,4509.24,1086,42.5,2.6,54.9,4509.206648305146,4501.803599999999,4494.400551694853
2026-05-18 04:33:00+03:00,4509.385,4510.705,4506.84,4510.5,1410,5.3,65.8,28.8,4510.328243497816,4502.214999999999,4494.101756502183
2026-05-18 04:34:00+03:00,4510.53,4511.69,4507.41,4510.225,1448,27.1,65.8,7.1,4511.248599244887,4502.554,4493.859400755113
2026-05-18 04:35:00+03:00,4510.195,4513.98,4509.435,4511.09,1448,63.6,16.7,19.7,4512.228914022228,4502.9198,4493.610685977771
2026-05-18 04:36:00+03:00,4510.995,4512.37,4506.995,4507.585,1417,25.6,11.0,63.4,4512.519600786897,4503.0472,4493.574799213103
2026-05-18 04:37:00+03:00,4507.5,4507.95,4501.165,4502.37,1262,6.6,17.8,75.6,4512.523687160639,4503.0532,4493.582712839362
2026-05-18 04:38:00+03:00,4502.455,4505.405,4499.82,4504.855,1151,9.8,47.2,43.0,4512.66470505393,4503.2188,4493.772894946069
2026-05-18 04:39:00+03:00,4504.85,4510.515,4502.92,4508.285,1141,29.4,25.4,45.2,4512.88158667342,4503.7082,4494.53481332658
2026-05-18 04:40:00+03:00,4508.305,4509.855,4506.265,4507.745,821,43.2,41.2,15.6,4512.96313408638,4504.1604,4495.35766591362
2026-05-18 04:41:00+03:00,4507.835,4509.625,4506.13,4507.815,528,51.2,48.2,0.6,4513.095759214399,4504.5518,4496.007840785602
2026-05-18 04:42:00+03:00,4507.81,4510.5,4507.285,4509.17,872,41.4,16.3,42.3,4513.344555418855,4504.9738,4496.603044581145
2026-05-18 04:43:00+03:00,4509.07,4512.47,4507.685,4509.345,1153,65.3,28.9,5.7,4513.508301359568,4505.4088,4497.309298640433
2026-05-18 04:44:00+03:00,4509.385,4513.065,4508.45,4512.845,945,4.8,20.3,75.0,4514.072818763876,4505.9836,4497.894381236123
2026-05-18 04:45:00+03:00,4512.855,4514.92,4511.025,4511.25,1218,53.0,5.8,41.2,4513.752775374566,4506.61,4499.467224625433
2026-05-18 04:46:00+03:00,4511.285,4516.4,4511.285,4514.68,1090,33.6,0.0,66.4,4514.382528976495,4507.2282,4500.073871023504
2026-05-18 04:47:00+03:00,4514.645,4522.67,4514.46,4522.24,1144,5.2,2.3,92.5,4516.946257610993,4508.064399999999,4499.182542389006
2026-05-18 04:48:00+03:00,4522.29,4527.055,4522.29,4525.02,1131,42.7,0.0,57.3,4519.597476692805,4509.056199999999,4498.514923307193
2026-05-18 04:49:00+03:00,4525.03,4528.66,4524.435,4528.015,1264,15.3,14.1,70.7,4522.747269503645,4509.916399999999,4497.085530496353
2026-05-18 04:50:00+03:00,4527.99,4529.69,4525.97,4528.37,1435,35.5,54.3,10.2,4525.291979089842,4510.960599999999,4496.629220910157
2026-05-18 04:51:00+03:00,4528.355,4535.715,4528.235,4532.54,1424,42.4,1.6,55.9,4528.510428583893,4511.986199999999,4495.461971416105
2026-05-18 04:52:00+03:00,4532.505,4534.215,4528.455,4529.44,1435,29.7,17.1,53.2,4530.620645270702,4512.8834,4495.146154729297
2026-05-18 04:53:00+03:00,4529.395,4535.165,4529.255,4533.83,1126,22.6,2.4,75.0,4533.196557284223,4514.0972,4494.997842715778
2026-05-18 04:54:00+03:00,4533.93,4534.18,4529.34,4530.44,1051,5.2,22.7,72.1,4534.820829329474,4515.1544,4495.487970670527
2026-05-18 04:55:00+03:00,4530.425,4530.705,4527.725,4528.405,996,9.4,22.8,67.8,4535.959386913114,4516.0924,4496.225413086885
2026-05-18 04:56:00+03:00,4528.28,4530.395,4526.775,4528.375,762,55.8,41.6,2.6,4537.014769383207,4516.947,4496.879230616793
2026-05-18 04:57:00+03:00,4528.365,4529.68,4527.16,4529.245,736,17.3,47.8,34.9,4538.1150413354935,4517.7472,4497.379358664506
2026-05-18 04:58:00+03:00,4529.32,4530.08,4527.23,4527.305,819,26.7,2.6,70.7,4538.895100002216,4518.4194,4497.943699997783
2026-05-18 04:59:00+03:00,4527.265,4527.395,4525.155,4525.67,713,5.8,23.0,71.2,4539.418447869059,4519.037199999999,4498.655952130939
2026-05-18 05:00:00+03:00,4525.61,4525.685,4522.355,4524.855,927,2.3,75.1,22.7,4539.823729251595,4519.587799999999,4499.351870748404
2026-05-18 05:01:00+03:00,4524.85,4530.225,4524.79,4529.32,756,16.7,1.1,82.2,4540.421497350393,4520.457199999999,4500.492902649605
2026-05-18 05:02:00+03:00,4529.315,4533.865,4527.63,4533.865,818,0.0,27.0,73.0,4540.917113334652,4521.716999999999,4502.516886665346
2026-05-18 05:03:00+03:00,4533.965,4536.43,4531.55,4532.94,922,50.5,28.5,21.0,4541.232159877527,4522.840399999999,4504.448640122471
2026-05-18 05:04:00+03:00,4532.92,4533.715,4530.75,4532.32,882,26.8,53.0,20.2,4541.5511711178815,4523.801799999999,4506.052428882117
2026-05-18 05:05:00+03:00,4532.26,4533.71,4529.38,4530.99,1075,33.5,37.2,29.3,4541.422854170281,4524.7316,4508.040345829719
2026-05-18 05:06:00+03:00,4530.955,4531.49,4529.3,4530.535,853,24.4,56.4,19.2,4540.966703904667,4525.6404,4510.314096095333
2026-05-18 05:07:00+03:00,4530.555,4530.555,4525.7,4527.355,1055,0.0,34.1,65.9,4540.146249573596,4526.3678,4512.589350426404
2026-05-18 05:08:00+03:00,4527.245,4530.97,4527.18,4529.11,695,49.1,1.7,49.2,4539.082514633752,4527.158399999999,4515.234285366247
2026-05-18 05:09:00+03:00,4529.155,4529.745,4527.705,4528.795,695,28.9,53.4,17.6,4538.198569975693,4527.796399999999,4517.394230024305
2026-05-18 05:10:00+03:00,4528.815,4530.6,4527.945,4529.265,698,50.3,32.8,16.9,4536.433301662831,4528.517,4520.600698337169
2026-05-18 05:11:00+03:00,4529.315,4532.595,4527.955,4531.675,718,19.8,29.3,50.9,4534.834262467768,4529.1968,4523.559337532231
2026-05-18 05:12:00+03:00,4531.67,4535.895,4531.14,4533.96,666,40.7,11.1,48.2,4534.841356036949,4529.6656,4524.489843963052
2026-05-18 05:13:00+03:00,4533.925,4535.255,4532.42,4535.225,641,1.1,53.1,45.9,4535.32870192636,4530.0738,4524.81889807364
2026-05-18 05:14:00+03:00,4535.23,4538.74,4535.23,4536.675,827,58.8,0.0,41.2,4536.201892817844,4530.4202000000005,4524.638507182157
2026-05-18 05:15:00+03:00,4536.785,4537.885,4535.06,4535.65,575,38.9,20.9,40.2,4536.777072277987,4530.7114,4524.645727722013
2026-05-18 05:16:00+03:00,4535.76,4537.84,4535.71,4537.58,504,12.2,2.3,85.4,4537.519302446737,4530.9130000000005,4524.306697553264
2026-05-18 05:17:00+03:00,4537.575,4537.575,4532.47,4533.035,459,0.0,11.1,88.9,4537.685059429441,4531.0568,4524.42854057056
2026-05-18 05:18:00+03:00,4533.01,4535.43,4531.915,4533.575,340,52.8,31.2,16.1,4537.658522395444,4531.046600000001,4524.434677604557
2026-05-18 05:19:00+03:00,4533.59,4536.845,4533.59,4534.985,433,57.1,0.0,42.9,4538.011334305987,4531.2284,4524.445465694013
2026-05-18 05:20:00+03:00,4535.145,4537.065,4533.085,4534.52,722,48.2,36.1,15.7,4538.272041696476,4531.473000000001,4524.673958303526
2026-05-18 05:21:00+03:00,4534.475,4535.4,4533.605,4534.545,875,47.6,48.5,3.9,4538.4990079065765,4531.719800000001,4524.940592093425
2026-05-18 05:22:00+03:00,4534.565,4538.355,4533.215,4537.955,736,7.8,26.3,66.0,4539.189479593223,4532.068200000001,4524.946920406778
2026-05-18 05:23:00+03:00,4538.085,4540.715,4536.815,4539.04,660,42.9,32.6,24.5,4539.884582030645,4532.537600000001,4525.190617969356
2026-05-18 05:24:00+03:00,4538.99,4539.295,4536.905,4537.375,712,12.8,19.7,67.6,4540.027134733285,4533.005800000001,4525.984465266717
2026-05-18 05:25:00+03:00,4537.555,4537.78,4536.145,4537.44,781,13.8,79.2,7.0,4539.896824709011,4533.509200000001,4527.121575290992
2026-05-18 05:26:00+03:00,4537.42,4540.085,4537.225,4539.935,732,5.2,6.8,87.9,4540.5579414699205,4533.933800000002,4527.309658530083
2026-05-18 05:27:00+03:00,4540.09,4540.225,4536.42,4536.46,753,3.5,1.1,95.4,4540.735096915815,4534.0376000000015,4527.340103084188
2026-05-18 05:28:00+03:00,4536.535,4537.03,4534.95,4535.495,619,23.8,26.2,50.0,4540.84515396872,4534.139800000001,4527.434446031281
2026-05-18 05:29:00+03:00,4535.49,4536.84,4533.685,4533.685,721,42.8,0.0,57.2,4540.861713896119,4534.1944,4527.527086103882
2026-05-18 05:30:00+03:00,4533.635,4534.47,4529.48,4530.76,1112,16.7,25.7,57.6,4540.870784781148,4534.1852,4527.499615218851
2026-05-18 05:31:00+03:00,4530.785,4537.91,4530.545,4536.14,944,24.0,3.3,72.7,4540.964973703616,4534.4094000000005,4527.853826296385
2026-05-18 05:32:00+03:00,4536.155,4537.805,4533.62,4534.16,808,39.4,12.9,47.7,4540.574544748107,4534.6816,4528.788655251893
2026-05-18 05:33:00+03:00,4534.16,4534.495,4531.885,4533.39,720,12.8,57.7,29.5,4540.32177071393,4534.852800000001,4529.383829286071
2026-05-18 05:34:00+03:00,4533.375,4533.435,4531.265,4532.285,490,2.8,47.0,50.2,4539.993915071028,4534.9924,4529.990884928972
2026-05-18 05:35:00+03:00,4532.305,4534.79,4530.735,4534.665,771,3.1,38.7,58.2,4539.635270427529,4535.2084,4530.781529572472
2026-05-18 05:36:00+03:00,4534.545,4535.215,4533.34,4534.955,698,13.9,64.3,21.9,4539.527799539967,4535.3396,4531.151400460033
2026-05-18 05:37:00+03:00,4534.93,4538.495,4533.845,4537.03,1078,31.5,23.3,45.2,4539.6616095663285,4535.4624,4531.263190433672
2026-05-18 05:38:00+03:00,4537.035,4537.68,4535.88,4536.09,779,35.8,11.7,52.5,4539.702065523899,4535.496999999999,4531.291934476099
2026-05-18 05:39:00+03:00,4536.06,4538.72,4535.27,4538.435,720,8.3,22.9,68.8,4539.9058118091225,4535.567399999999,4531.228988190876
2026-05-18 05:40:00+03:00,4538.495,4540.39,4536.655,4540.39,710,0.0,49.3,50.7,4540.489666061279,4535.757,4531.024333938721
2026-05-18 05:41:00+03:00,4540.38,4541.26,4538.155,4539.215,723,28.3,34.1,37.5,4540.697082454318,4535.822399999999,4530.9477175456805
2026-05-18 05:42:00+03:00,4539.265,4539.64,4537.32,4537.94,490,16.2,26.7,57.1,4540.823065860976,4536.018599999999,4531.214134139023
2026-05-18 05:43:00+03:00,4537.92,4538.36,4535.28,4537.055,521,14.3,57.6,28.1,4540.8718064396735,4536.157799999999,4531.443793560325
2026-05-18 05:44:00+03:00,4537.155,4537.775,4535.57,4536.315,481,28.1,33.8,38.1,4540.900820471837,4536.210999999999,4531.521179528162
2026-05-18 05:45:00+03:00,4536.235,4536.75,4534.885,4535.855,568,27.6,52.0,20.4,4540.906142197735,4536.264399999999,4531.622657802263
2026-05-18 05:46:00+03:00,4535.81,4542.45,4535.475,4542.3,698,2.2,4.8,93.0,4541.72400922992,4536.574599999999,4531.425190770078
2026-05-18 05:47:00+03:00,4542.435,4542.9,4539.695,4539.695,841,14.5,0.0,85.5,4541.912032714882,4536.644199999999,4531.376367285116
2026-05-18 05:48:00+03:00,4539.67,4540.16,4536.415,4537.4,757,13.1,26.3,60.6,4541.765686680617,4536.578599999999,4531.3915133193805
2026-05-18 05:49:00+03:00,4537.43,4537.485,4530.765,4530.985,707,0.8,3.3,95.9,4541.939867459534,4536.322999999999,4530.706132540465
2026-05-18 05:50:00+03:00,4530.975,4533.94,4530.69,4532.06,915,57.8,8.8,33.4,4541.944925381542,4536.107799999999,4530.270674618456
2026-05-18 05:51:00+03:00,4532.065,4534.965,4531.96,4533.725,730,41.3,3.5,55.2,4541.550627161938,4535.859399999999,4530.168172838061
2026-05-18 05:52:00+03:00,4533.71,4534.09,4530.725,4532.685,880,11.3,58.2,30.5,4541.526770717918,4535.7084,4529.890029282081
2026-05-18 05:53:00+03:00,4532.67,4535.855,4532.575,4535.685,610,5.2,2.9,91.9,4541.5337322095775,4535.715999999999,4529.898267790421
2026-05-18 05:54:00+03:00,4535.69,4535.69,4533.64,4534.14,401,0.0,24.4,75.6,4541.529205910872,4535.734199999999,4529.939194089126
2026-05-18 05:55:00+03:00,4534.04,4535.075,4532.705,4533.395,661,43.7,29.1,27.2,4541.358143956923,4535.839599999999,4530.321056043075
2026-05-18 05:56:00+03:00,4533.495,4533.745,4530.96,4532.635,580,9.0,60.1,30.9,4541.356641252324,4535.6994,4530.042158747675
2026-05-18 05:57:00+03:00,4532.58,4534.255,4532.52,4533.7,513,32.0,3.5,64.6,4541.361095072924,4535.681,4530.000904927076
2026-05-18 05:58:00+03:00,4533.71,4535.275,4533.22,4533.685,455,76.2,22.6,1.2,4541.355005992996,4535.692799999999,4530.030594007002
2026-05-18 05:59:00+03:00,4533.675,4534.34,4532.74,4533.815,553,32.8,58.4,8.7,4541.299419737154,4535.753999999999,4530.208580262844
2026-05-18 06:00:00+03:00,4533.785,4534.85,4530.58,4533.08,1033,24.9,58.5,16.5,4541.31997817392,4535.690599999999,4530.061221826079
2026-05-18 06:01:00+03:00,4533.21,4534.325,4532.05,4534.325,825,0.0,51.0,49.0,4541.31333408526,4535.665399999999,4530.017465914738
2026-05-18 06:02:00+03:00,4534.31,4535.82,4531.93,4533.335,661,38.8,36.1,25.1,4541.208185296477,4535.517599999999,4529.827014703522
2026-05-18 06:03:00+03:00,4533.35,4533.35,4530.56,4530.565,596,0.0,0.2,99.8,4541.301555770856,4535.2966,4529.291644229144
2026-05-18 06:04:00+03:00,4530.555,4532.125,4529.8,4531.16,807,41.5,32.5,26.0,4541.078710782364,4535.0056,4528.932489217637
2026-05-18 06:05:00+03:00,4531.145,4531.765,4528.815,4528.825,689,21.0,0.3,78.6,4540.6667217471895,4534.543,4528.41927825281
2026-05-18 06:06:00+03:00,4528.86,4530.275,4527.855,4527.97,713,58.5,4.8,36.8,4540.426521961646,4534.0932,4527.759878038354
2026-05-18 06:07:00+03:00,4527.965,4529.7,4527.61,4528.21,772,71.3,17.0,11.7,4540.236635609108,4533.704000000001,4527.171364390893
2026-05-18 06:08:00+03:00,4528.175,4535.01,4528.11,4534.13,787,12.8,0.9,86.3,4539.978630153141,4533.587,4527.19536984686
2026-05-18 06:09:00+03:00,4533.81,4534.095,4532.77,4533.16,538,21.5,29.4,49.1,4539.755852457492,4533.460800000001,4527.165747542509
2026-05-18 06:10:00+03:00,4533.205,4534.74,4532.84,4534.195,371,28.7,19.2,52.1,4539.621690466334,4533.394400000001,4527.167109533668
2026-05-18 06:11:00+03:00,4534.275,4535.85,4533.72,4533.785,435,73.9,3.1,23.0,4538.118379967613,4533.053800000001,4527.989220032388
2026-05-18 06:12:00+03:00,4533.805,4533.93,4530.72,4530.735,589,3.9,0.5,95.6,4537.047362242395,4532.6954000000005,4528.343437757606
2026-05-18 06:13:00+03:00,4530.71,4531.445,4526.825,4531.105,859,7.4,84.1,8.5,4536.386865160867,4532.443600000001,4528.500334839136
2026-05-18 06:14:00+03:00,4531.31,4531.695,4529.11,4529.86,513,14.9,29.0,56.1,4536.432064533207,4532.398600000001,4528.365135466795
2026-05-18 06:15:00+03:00,4529.845,4531.55,4528.455,4531.545,483,0.2,44.9,54.9,4536.423414193336,4532.378000000001,4528.3325858066655
2026-05-18 06:16:00+03:00,4531.55,4532.39,4529.745,4529.995,468,31.8,9.5,58.8,4536.339106344178,4532.228800000001,4528.118493655824
2026-05-18 06:17:00+03:00,4530.01,4531.9,4529.83,4531.365,519,25.8,8.7,65.5,4536.295411606105,4532.176000000001,4528.056588393898
2026-05-18 06:18:00+03:00,4531.51,4532.71,4530.505,4532.18,502,24.0,45.6,30.4,4535.898549985056,4532.035800000001,4528.173050014945
2026-05-18 06:19:00+03:00,4531.975,4533.42,4531.045,4531.045,615,60.8,0.0,39.2,4535.694614969944,4531.912,4528.129385030056
2026-05-18 06:20:00+03:00,4531.095,4532.415,4530.695,4531.555,524,50.0,23.3,26.7,4535.574041011512,4531.838400000001,4528.102758988489
2026-05-18 06:21:00+03:00,4531.545,4531.925,4530.085,4530.965,313,20.7,47.8,31.5,4535.507598628708,4531.771600000001,4528.0356013712935
2026-05-18 06:22:00+03:00,4530.94,4533.61,4529.41,4533.21,534,9.5,36.4,54.0,4535.452296200757,4531.752000000001,4528.051703799246
2026-05-18 06:23:00+03:00,4533.085,4536.22,4531.995,4535.93,747,6.9,25.8,67.3,4535.823634626505,4531.841800000002,4527.859965373499
2026-05-18 06:24:00+03:00,4535.925,4536.715,4533.26,4533.615,626,22.9,10.3,66.9,4535.800519827136,4531.833800000002,4527.867080172869
2026-05-18 06:25:00+03:00,4533.585,4533.97,4531.585,4532.57,665,16.1,41.3,42.6,4535.759466104565,4531.813400000002,4527.867333895439
2026-05-18 06:26:00+03:00,4532.715,4532.715,4529.6,4531.61,565,0.0,64.5,35.5,4535.515519062362,4531.704800000002,4527.894080937643
2026-05-18 06:27:00+03:00,4531.65,4538.575,4531.32,4537.365,802,16.7,4.5,78.8,4536.238469319978,4531.866000000002,4527.493530680025
2026-05-18 06:28:00+03:00,4537.325,4537.625,4534.74,4535.505,579,10.4,26.5,63.1,4536.625426398196,4532.063600000002,4527.501773601809
2026-05-18 06:29:00+03:00,4535.555,4536.925,4534.685,4536.075,523,37.9,38.8,23.2,4537.066407216481,4532.2602000000015,4527.453992783522
2026-05-18 06:30:00+03:00,4536.04,4537.905,4530.39,4531.315,985,24.8,12.3,62.9,4536.976594968072,4532.359800000002,4527.743005031932
2026-05-18 06:31:00+03:00,4531.34,4533.25,4529.78,4530.355,803,55.0,16.6,28.4,4536.79550088529,4532.455200000002,4528.114899114715
2026-05-18 06:32:00+03:00,4530.34,4530.34,4526.69,4528.38,994,0.0,46.3,53.7,4536.776129336752,4532.462000000002,4528.147870663252
2026-05-18 06:33:00+03:00,4528.365,4529.06,4526.335,4529.01,552,1.8,74.5,23.7,4536.718745987895,4532.257200000002,4527.795654012109
2026-05-18 06:34:00+03:00,4528.99,4530.39,4526.535,4527.235,798,36.3,18.2,45.5,4536.876732487485,4532.020200000002,4527.163667512518
2026-05-18 06:35:00+03:00,4527.27,4527.8,4525.565,4527.44,570,16.1,76.3,7.6,4536.838578582938,4531.750000000001,4526.661421417064
2026-05-18 06:36:00+03:00,4527.74,4537.63,4527.53,4535.105,919,25.0,2.1,72.9,4537.000958194685,4531.802800000001,4526.604641805317
2026-05-18 06:37:00+03:00,4535.075,4535.7,4533.29,4534.425,719,25.9,47.1,27.0,4537.22784477498,4531.950400000001,4526.672955225022
2026-05-18 06:38:00+03:00,4534.36,4534.655,4533.21,4533.755,598,20.4,37.7,41.9,4537.368008055916,4532.056400000001,4526.744791944087
2026-05-18 06:39:00+03:00,4533.645,4535.655,4531.6,4535.215,720,10.9,50.4,38.7,4537.642198137495,4532.270600000001,4526.899001862506
2026-05-18 06:40:00+03:00,4535.225,4537.65,4533.785,4535.19,789,62.7,36.4,0.9,4537.898047575395,4532.416400000001,4526.934752424607
2026-05-18 06:41:00+03:00,4535.185,4536.155,4534.525,4535.7,753,27.9,40.5,31.6,4538.178782443345,4532.644600000001,4527.110417556658
2026-05-18 06:42:00+03:00,4535.68,4537.52,4535.12,4537.345,701,7.3,23.3,69.4,4538.686500251914,4532.883800000001,4527.0810997480885
2026-05-18 06:43:00+03:00,4537.34,4540.88,4535.885,4540.815,837,1.3,29.1,69.6,4539.800311123655,4533.229200000002,4526.658088876348
2026-05-18 06:44:00+03:00,4540.825,4548.06,4540.745,4545.615,1169,33.4,1.1,65.5,4541.91155850332,4533.812000000002,4525.712441496684
2026-05-18 06:45:00+03:00,4545.61,4547.79,4541.565,4541.595,1035,35.0,0.5,64.5,4542.806311103241,4534.213600000002,4525.620888896763
2026-05-18 06:46:00+03:00,4541.735,4546.9,4541.735,4545.685,1032,23.5,0.0,76.5,4544.38437687836,4534.802400000002,4525.220423121645
2026-05-18 06:47:00+03:00,4545.53,4545.53,4541.82,4544.455,854,0.0,71.0,29.0,4545.523855786873,4535.252200000002,4524.98054421313
2026-05-18 06:48:00+03:00,4544.415,4545.88,4541.79,4541.795,878,35.8,0.1,64.1,4546.072761220777,4535.486800000002,4524.900838779228
2026-05-18 06:49:00+03:00,4541.79,4542.39,4539.365,4541.895,865,16.4,80.2,3.5,4546.663903555849,4535.818000000002,4524.972096444155
2026-05-18 06:50:00+03:00,4541.9,4546.085,4541.69,4545.305,1035,17.7,4.8,77.5,4547.6987788482,4536.327400000002,4524.956021151804
2026-05-18 06:51:00+03:00,4545.24,4547.675,4541.63,4542.075,897,40.3,7.4,52.4,4548.162318143782,4536.746000000002,4525.329681856222
2026-05-18 06:52:00+03:00,4542.07,4542.55,4539.225,4539.86,677,14.4,19.1,66.5,4548.325464341828,4536.845800000002,4525.366135658176
2026-05-18 06:53:00+03:00,4539.865,4542.09,4539.44,4541.46,576,23.8,16.0,60.2,4548.68893998124,4537.084000000002,4525.479060018763
2026-05-18 06:54:00+03:00,4541.405,4541.725,4540.195,4541.18,460,20.9,64.4,14.7,4548.994151605889,4537.288200000002,4525.582248394115
2026-05-18 06:55:00+03:00,4541.055,4543.575,4540.885,4541.865,557,63.6,6.3,30.1,4549.284302288498,4537.710200000002,4526.136097711506
2026-05-18 06:56:00+03:00,4541.86,4542.33,4540.6,4541.615,662,27.2,58.7,14.2,4549.427017465566,4538.160600000002,4526.894182534438
2026-05-18 06:57:00+03:00,4541.62,4543.93,4541.6,4542.895,620,44.4,0.9,54.7,4549.411930160792,4538.741200000002,4528.070469839213
2026-05-18 06:58:00+03:00,4542.83,4543.79,4542.43,4543.025,374,56.3,29.4,14.3,4549.321387963905,4539.301800000002,4529.282212036099
2026-05-18 06:59:00+03:00,4543.015,4543.16,4541.105,4541.215,421,7.1,5.4,87.6,4548.603411106071,4539.861000000002,4531.118588893933
2026-05-18 07:00:00+03:00,4541.21,4543.57,4541.0,4542.545,692,39.9,8.2,51.9,4547.637169029804,4540.465200000002,4533.293230970201
2026-05-18 07:01:00+03:00,4542.55,4545.59,4541.915,4544.28,672,35.6,17.3,47.1,4547.805702461994,4540.832200000002,4533.858697538009
2026-05-18 07:02:00+03:00,4544.265,4548.545,4544.165,4546.49,885,46.9,2.3,50.8,4548.1156443434,4541.314800000002,4534.513955656604
2026-05-18 07:03:00+03:00,4546.485,4547.27,4545.245,4546.59,403,33.6,61.2,5.2,4548.192593999893,4541.828200000002,4535.463806000111
2026-05-18 07:04:00+03:00,4546.6,4546.6,4544.35,4545.875,440,0.0,67.8,32.2,4548.204473216366,4542.254600000002,4536.304726783638
2026-05-18 07:05:00+03:00,4545.785,4549.93,4545.25,4546.575,733,71.7,11.4,16.9,4548.1480695042055,4542.710000000002,4537.271930495798
2026-05-18 07:06:00+03:00,4546.555,4546.725,4543.72,4545.285,550,5.7,52.1,42.3,4547.8032940236135,4543.093400000002,4538.38350597639
2026-05-18 07:07:00+03:00,4545.385,4545.69,4543.25,4543.825,472,12.5,23.6,63.9,4547.440746877871,4543.352600000002,4539.264453122133
2026-05-18 07:08:00+03:00,4543.485,4546.04,4543.31,4545.145,343,32.8,6.4,60.8,4547.535373216941,4543.525800000002,4539.516226783064
2026-05-18 07:09:00+03:00,4545.135,4546.94,4544.245,4545.74,377,44.5,33.0,22.4,4547.551079265149,4543.530800000002,4539.510520734855
2026-05-18 07:10:00+03:00,4545.76,4547.125,4545.31,4545.68,244,75.2,20.4,4.4,4547.718541609446,4543.694200000002,4539.669858390557
2026-05-18 07:11:00+03:00,4545.83,4546.65,4545.385,4545.735,287,64.8,27.7,7.5,4547.724544843011,4543.696200000002,4539.667855156993
2026-05-18 07:12:00+03:00,4545.62,4547.95,4544.85,4545.835,561,68.2,24.8,6.9,4547.856904122002,4543.751400000002,4539.645895878002
2026-05-18 07:13:00+03:00,4545.95,4547.125,4545.685,4546.45,335,46.9,18.4,34.7,4548.093231467501,4543.937600000002,4539.781968532503
2026-05-18 07:14:00+03:00,4546.44,4546.44,4543.565,4544.41,481,0.0,29.4,70.6,4548.11213458172,4544.038200000002,4539.964265418284
2026-05-18 07:15:00+03:00,4544.425,4546.56,4544.255,4546.3,221,11.3,7.4,81.3,4548.219540766162,4544.078000000002,4539.9364592338425
2026-05-18 07:16:00+03:00,4546.42,4546.8,4543.98,4544.93,528,13.5,33.7,52.8,4548.26336894306,4544.192200000002,4540.121031056945
2026-05-18 07:17:00+03:00,4545.15,4547.365,4544.04,4546.365,536,30.1,33.4,36.5,4548.201546155666,4544.452400000002,4540.703253844338
2026-05-18 07:18:00+03:00,4546.37,4546.945,4545.475,4545.91,309,39.1,29.6,31.3,4548.21321778792,4544.630400000002,4541.047582212083
2026-05-18 07:19:00+03:00,4545.825,4546.65,4545.09,4545.68,304,52.9,37.8,9.3,4548.123767972829,4544.810400000001,4541.497032027173
2026-05-18 07:20:00+03:00,4545.615,4545.945,4543.465,4543.475,278,13.3,0.4,86.3,4548.014717801713,4544.874800000001,4541.73488219829
2026-05-18 07:21:00+03:00,4543.465,4544.705,4542.895,4543.005,640,68.5,6.1,25.4,4547.880975424301,4544.930400000001,4541.979824575701
2026-05-18 07:22:00+03:00,4542.985,4542.985,4541.155,4542.0,357,0.0,46.2,53.8,4547.962477330347,4544.894600000001,4541.826722669656
2026-05-18 07:23:00+03:00,4542.11,4542.78,4540.015,4540.925,783,24.2,32.9,42.9,4548.178925773469,4544.810600000002,4541.442274226534
2026-05-18 07:24:00+03:00,4540.68,4540.935,4536.995,4537.37,966,6.5,9.5,84.0,4548.9042075625575,4544.656800000002,4540.409392437446
2026-05-18 07:25:00+03:00,4537.385,4538.825,4535.43,4537.585,1075,36.5,57.6,5.9,4549.475483385308,4544.458400000002,4539.441316614697
2026-05-18 07:26:00+03:00,4537.56,4538.265,4535.365,4537.03,748,24.3,57.4,18.3,4549.970004405836,4544.168400000002,4538.366795594168
2026-05-18 07:27:00+03:00,4536.76,4537.02,4534.72,4535.435,512,11.3,31.1,57.6,4550.375834739833,4543.726200000002,4537.07656526017
2026-05-18 07:28:00+03:00,4535.46,4535.995,4531.345,4531.85,408,11.5,10.9,77.6,4551.141721717791,4543.136600000002,4535.131478282213
2026-05-18 07:29:00+03:00,4531.785,4533.35,4530.235,4533.015,594,10.8,49.8,39.5,4551.466136713477,4542.622200000002,4533.778263286526
2026-05-18 07:30:00+03:00,4533.02,4540.565,4532.51,4539.345,638,15.1,6.3,78.5,4551.113611364554,4542.333000000002,4533.55238863545
2026-05-18 07:31:00+03:00,4539.295,4541.48,4538.875,4540.255,341,47.0,16.1,36.9,4550.862997798669,4542.131800000002,4533.400602201335
2026-05-18 07:32:00+03:00,4540.22,4540.97,4539.415,4540.935,431,2.3,51.8,46.0,4550.731177119757,4542.016200000002,4533.301222880246
2026-05-18 07:33:00+03:00,4540.96,4541.375,4538.335,4538.91,374,13.7,18.9,67.4,4550.46619532313,4541.766800000002,4533.0674046768745
2026-05-18 07:34:00+03:00,4539.015,4540.23,4538.36,4540.215,287,0.8,35.0,64.2,4550.109887657027,4541.545800000002,4532.981712342977
2026-05-18 07:35:00+03:00,4540.265,4540.325,4538.535,4539.595,282,3.4,59.2,37.4,4549.727414237223,4541.302400000002,4532.877385762782
2026-05-18 07:36:00+03:00,4539.555,4542.71,4539.525,4542.2,563,16.0,0.9,83.0,4549.400303850981,4541.161000000002,4532.921696149023
2026-05-18 07:37:00+03:00,4542.245,4542.265,4539.985,4541.235,626,0.9,54.8,44.3,4548.992995006872,4540.977000000002,4532.961004993132
2026-05-18 07:38:00+03:00,4541.13,4542.115,4540.935,4541.15,332,81.8,16.5,1.7,4548.464908566747,4540.765000000002,4533.065091433257
2026-05-18 07:39:00+03:00,4541.185,4542.915,4540.34,4542.915,443,0.0,32.8,67.2,4548.313624527812,4540.705200000001,4533.096775472191
2026-05-18 07:40:00+03:00,4542.945,4544.43,4541.58,4544.065,622,12.8,47.9,39.3,4548.008633650878,4540.615800000001,4533.222966349124
2026-05-18 07:41:00+03:00,4543.765,4544.15,4542.795,4543.69,418,28.4,66.1,5.5,4547.858544630037,4540.566200000001,4533.2738553699655
2026-05-18 07:42:00+03:00,4543.685,4543.925,4539.87,4540.05,535,5.9,4.4,89.6,4547.211826156919,4540.313600000001,4533.415373843083
2026-05-18 07:43:00+03:00,4540.08,4543.23,4539.755,4543.0,547,6.6,9.4,84.0,4546.805895530742,4540.1972000000005,4533.588504469259
2026-05-18 07:44:00+03:00,4543.05,4544.47,4541.665,4541.67,467,50.6,0.2,49.2,4546.290537362185,4540.036800000001,4533.783062637816
2026-05-18 07:45:00+03:00,4541.665,4541.675,4539.885,4540.105,341,0.6,12.3,87.2,4545.996743305338,4539.902000000001,4533.807256694664
2026-05-18 07:46:00+03:00,4540.155,4541.06,4538.62,4540.585,360,19.5,62.9,17.6,4545.775331976232,4539.805200000001,4533.835068023769
2026-05-18 07:47:00+03:00,4540.615,4541.835,4539.935,4540.53,290,64.2,31.3,4.5,4545.657572144149,4539.746400000001,4533.835227855853
2026-05-18 07:48:00+03:00,4540.58,4540.905,4539.165,4539.905,244,18.7,42.5,38.8,4545.5977190208805,4539.7056,4533.81348097912
2026-05-18 07:49:00+03:00,4540.0,4541.135,4540.0,4540.51,164,55.1,0.0,44.9,4545.652255765506,4539.8312000000005,4534.010144234495
2026-05-18 07:50:00+03:00,4540.535,4541.565,4537.98,4538.5,280,28.7,14.5,56.8,4545.643230776581,4539.8678,4534.092369223419
2026-05-18 07:51:00+03:00,4538.45,4542.1,4538.45,4541.795,295,8.4,0.0,91.6,4545.760684258443,4540.0584,4534.356115741557
2026-05-18 07:52:00+03:00,4541.615,4544.41,4541.255,4543.48,676,29.5,11.4,59.1,4545.90784577546,4540.3802000000005,4534.852554224542
2026-05-18 07:53:00+03:00,4543.48,4545.77,4542.23,4543.695,637,58.6,35.3,6.1,4545.300649973679,4540.854,4536.407350026321
2026-05-18 07:54:00+03:00,4543.69,4544.44,4542.235,4543.265,340,34.0,46.7,19.3,4544.45748962734,4541.264,4538.0705103726605
2026-05-18 07:55:00+03:00,4543.27,4544.135,4536.25,4536.455,831,11.0,2.6,86.4,4544.789272114005,4541.1484,4537.507527885995
2026-05-18 07:56:00+03:00,4536.47,4538.805,4535.355,4537.955,567,24.6,32.3,43.0,4544.893851777715,4541.0564,4537.218948222286
2026-05-18 07:57:00+03:00,4537.96,4541.0,4537.96,4540.065,444,30.8,0.0,69.2,4544.878553948407,4541.0216,4537.164646051593
2026-05-18 07:58:00+03:00,4540.055,4540.63,4538.205,4540.05,337,23.7,76.1,0.2,4544.849448091397,4541.0672,4537.284951908604
2026-05-18 07:59:00+03:00,4540.11,4540.915,4538.485,4540.825,336,3.7,66.9,29.4,4544.859385255984,4541.091600000001,4537.323814744017
2026-05-18 08:00:00+03:00,4540.775,4542.855,4537.41,4537.445,607,38.2,0.6,61.2,4544.997577273665,4541.0056,4537.013622726336
2026-05-18 08:01:00+03:00,4537.42,4537.445,4534.985,4535.835,542,1.0,34.6,64.4,4545.192391670586,4540.751000000001,4536.309608329416
2026-05-18 08:02:00+03:00,4535.595,4538.165,4535.02,4535.265,654,81.7,7.8,10.5,4545.439244613433,4540.512200000001,4535.585155386569
2026-05-18 08:03:00+03:00,4535.285,4536.035,4533.35,4533.35,548,27.9,0.0,72.1,4545.85960313285,4540.200200000001,4534.5407968671525
2026-05-18 08:04:00+03:00,4533.34,4537.56,4533.225,4536.035,829,35.2,2.7,62.2,4545.697564763967,4539.925000000002,4534.152435236037
2026-05-18 08:05:00+03:00,4536.01,4536.43,4534.07,4534.89,700,17.8,34.7,47.5,4545.397315709512,4539.558000000002,4533.718684290491
2026-05-18 08:06:00+03:00,4534.88,4536.335,4534.745,4535.31,504,64.5,8.5,27.0,4545.036895339726,4539.222800000001,4533.408704660277
2026-05-18 08:07:00+03:00,4535.3,4535.805,4534.635,4535.49,342,26.9,56.8,16.2,4545.022920483429,4539.040400000002,4533.057879516575
2026-05-18 08:08:00+03:00,4535.44,4540.04,4535.19,4537.31,515,56.3,5.2,38.6,4544.6053711577015,4538.8128000000015,4533.020228842302
2026-05-18 08:09:00+03:00,4537.285,4538.165,4536.635,4538.11,299,3.6,42.5,53.9,4544.34892298757,4538.670400000002,4532.991877012433
2026-05-18 08:10:00+03:00,4538.155,4538.45,4535.69,4536.755,356,10.7,38.6,50.7,4544.231266822314,4538.536400000002,4532.84153317769
2026-05-18 08:11:00+03:00,4536.73,4538.205,4536.445,4536.595,324,83.8,8.5,7.7,4544.056692868151,4538.376800000002,4532.696907131853
2026-05-18 08:12:00+03:00,4536.7,4537.775,4536.445,4537.65,302,9.4,19.2,71.4,4543.87861110197,4538.261600000002,4532.644588898033
2026-05-18 08:13:00+03:00,4537.655,4538.985,4536.46,4537.28,422,52.7,32.5,14.9,4543.744869655186,4538.156600000001,4532.568330344816
2026-05-18 08:14:00+03:00,4537.205,4538.585,4536.55,4538.3,286,14.0,32.2,53.8,4543.574072410453,4538.0682000000015,4532.562327589551
2026-05-18 08:15:00+03:00,4538.245,4538.245,4535.23,4535.52,443,0.0,9.6,90.4,4543.540680957902,4537.949000000002,4532.357319042103
2026-05-18 08:16:00+03:00,4535.54,4537.045,4535.405,4535.83,397,74.1,8.2,17.7,4543.131739992546,4537.710400000002,4532.289060007458
2026-05-18 08:17:00+03:00,4535.815,4540.785,4535.27,4539.875,555,16.5,9.9,73.6,4542.539258032567,4537.566200000002,4532.593141967437
2026-05-18 08:18:00+03:00,4539.825,4545.54,4539.355,4545.205,411,5.4,7.6,87.0,4542.922160943865,4537.626600000002,4532.33103905614
2026-05-18 08:19:00+03:00,4545.295,4549.22,4545.295,4546.01,908,81.8,0.0,18.2,4543.580466745162,4537.736400000002,4531.892333254841
2026-05-18 08:20:00+03:00,4546.015,4547.655,4544.725,4545.345,489,56.0,21.2,22.9,4544.622476243671,4538.0920000000015,4531.5615237563325
2026-05-18 08:21:00+03:00,4545.335,4546.43,4543.325,4544.06,500,35.3,23.7,41.1,4545.2719267972525,4538.336200000002,4531.400473202751
2026-05-18 08:22:00+03:00,4544.03,4547.425,4541.475,4547.03,609,6.6,42.9,50.4,4546.322509115869,4538.614800000001,4530.907090884133
2026-05-18 08:23:00+03:00,4547.15,4549.66,4544.1,4544.91,900,45.1,14.6,40.3,4546.888109172758,4538.8092000000015,4530.730290827245
2026-05-18 08:24:00+03:00,4544.96,4546.69,4543.79,4546.2,499,16.9,40.3,42.8,4547.578353927403,4539.024200000002,4530.4700460726
2026-05-18 08:25:00+03:00,4546.245,4547.09,4545.195,4546.39,548,36.9,55.4,7.7,4548.378846557208,4539.382000000001,4530.385153442795
2026-05-18 08:26:00+03:00,4546.365,4549.57,4545.285,4549.105,790,10.9,25.2,63.9,4549.552775965685,4539.912800000001,4530.272824034317
2026-05-18 08:27:00+03:00,4549.09,4550.6,4548.775,4549.705,831,49.0,17.3,33.7,4550.662925319174,4540.490400000001,4530.317874680827
2026-05-18 08:28:00+03:00,4549.67,4550.275,4547.815,4548.085,704,24.6,11.0,64.4,4551.236646154397,4541.079800000001,4530.922953845606
2026-05-18 08:29:00+03:00,4548.08,4549.515,4547.54,4548.735,477,39.5,27.3,33.2,4551.952818119591,4541.587800000001,4531.222781880411
2026-05-18 08:30:00+03:00,4548.86,4552.045,4547.465,4550.175,1544,40.8,30.5,28.7,4552.713907671961,4542.199200000001,4531.6844923280405
2026-05-18 08:31:00+03:00,4550.16,4550.16,4543.585,4543.805,1055,0.0,3.3,96.7,4552.6837535186805,4542.539000000002,4532.394246481323
2026-05-18 08:32:00+03:00,4543.865,4545.605,4541.115,4541.56,1009,38.8,9.9,51.3,4552.522612236687,4542.781800000001,4533.040987763315
2026-05-18 08:33:00+03:00,4541.77,4542.425,4540.15,4541.675,932,28.8,67.0,4.2,4552.452029950104,4542.956400000001,4533.460770049898
2026-05-18 08:34:00+03:00,4541.69,4543.84,4539.76,4542.81,990,25.2,47.3,27.5,4552.432619772208,4543.144400000001,4533.856180227794
2026-05-18 08:35:00+03:00,4542.795,4544.14,4540.655,4541.8,798,38.6,32.9,28.6,4552.282944945651,4543.346200000001,4534.409455054351
2026-05-18 08:36:00+03:00,4541.84,4544.7,4541.84,4543.39,750,45.8,0.0,54.2,4552.119624783908,4543.618000000001,4535.116375216095
2026-05-18 08:37:00+03:00,4543.395,4546.84,4543.355,4544.725,812,60.7,1.1,38.2,4552.052970066525,4543.901000000002,4535.749029933479
2026-05-18 08:38:00+03:00,4544.75,4547.51,4544.685,4545.96,736,54.9,2.3,42.8,4551.970681401943,4544.248200000002,4536.525718598061
2026-05-18 08:39:00+03:00,4545.965,4546.49,4544.37,4544.525,557,24.8,7.3,67.9,4551.827957164551,4544.497200000002,4537.1664428354525
2026-05-18 08:40:00+03:00,4544.475,4544.925,4539.135,4540.675,885,7.8,26.6,65.6,4551.2618282982,4544.703400000001,4538.144971701802
2026-05-18 08:41:00+03:00,4540.67,4541.27,4538.76,4539.565,604,23.9,32.1,44.0,4550.730745951437,4544.8528000000015,4538.974854048566
2026-05-18 08:42:00+03:00,4539.66,4540.69,4538.58,4540.125,522,26.8,51.2,22.0,4550.707594658116,4544.862800000002,4539.018005341887
2026-05-18 08:43:00+03:00,4540.115,4542.185,4539.56,4541.72,735,17.7,21.1,61.1,4550.693786061208,4544.723400000002,4538.753013938795
2026-05-18 08:44:00+03:00,4541.73,4542.255,4539.545,4540.0,599,19.4,16.8,63.8,4550.705472814958,4544.483000000002,4538.260527185046
2026-05-18 08:45:00+03:00,4539.975,4540.535,4538.735,4540.14,557,21.9,68.9,9.2,4550.712560153395,4544.274800000002,4537.837039846609
2026-05-18 08:46:00+03:00,4540.345,4541.41,4538.21,4538.51,513,33.3,9.4,57.3,4550.876105988247,4544.052800000001,4537.229494011755
2026-05-18 08:47:00+03:00,4538.665,4543.12,4538.41,4541.885,692,26.2,5.4,68.4,4550.608789108873,4543.847000000002,4537.08521089113
2026-05-18 08:48:00+03:00,4541.795,4543.055,4540.77,4540.98,731,55.1,9.2,35.7,4550.5277309608655,4543.689800000001,4536.851869039137
2026-05-18 08:49:00+03:00,4540.97,4541.195,4537.545,4538.965,742,6.2,38.9,54.9,4550.399393593699,4543.400400000001,4536.401406406304
2026-05-18 08:50:00+03:00,4539.075,4540.17,4538.345,4538.37,601,60.0,1.4,38.6,4550.234529443188,4543.079600000001,4535.924670556814
2026-05-18 08:51:00+03:00,4538.375,4538.59,4535.815,4537.205,662,7.7,50.1,42.2,4549.674638688334,4542.603600000001,4535.532561311668
2026-05-18 08:52:00+03:00,4536.955,4537.94,4535.725,4536.715,549,44.5,44.7,10.8,4548.895678793172,4542.084000000001,4535.2723212068295
2026-05-18 08:53:00+03:00,4536.705,4537.575,4535.1,4536.315,419,35.2,49.1,15.8,4548.3270256634905,4541.613200000001,4534.899374336511
2026-05-18 08:54:00+03:00,4536.23,4537.26,4536.17,4536.56,362,64.2,5.5,30.3,4547.458430747759,4541.126200000001,4534.793969252242
2026-05-18 08:55:00+03:00,4536.545,4537.365,4535.16,4537.265,478,4.5,62.8,32.7,4545.93098068171,4540.6098,4535.28861931829
2026-05-18 08:56:00+03:00,4537.285,4537.795,4535.625,4536.19,547,23.5,26.0,50.5,4545.730685403785,4540.3052,4534.879714596214
2026-05-18 08:57:00+03:00,4536.18,4539.175,4535.735,4535.97,549,87.1,6.8,6.1,4545.737659915289,4540.0816,4534.425540084711
2026-05-18 08:58:00+03:00,4535.985,4536.235,4531.46,4531.615,738,5.2,3.2,91.5,4546.191220687616,4539.6792000000005,4533.167179312385
2026-05-18 08:59:00+03:00,4531.61,4532.75,4530.205,4531.245,1001,44.8,40.9,14.3,4546.383456336418,4539.216600000001,4532.049743663583
2026-05-18 09:00:00+03:00,4531.19,4534.775,4530.005,4532.725,958,43.0,24.8,32.2,4546.3710104687225,4538.8536,4531.336189531278
2026-05-18 09:01:00+03:00,4532.735,4533.72,4532.15,4533.04,821,43.3,37.3,19.4,4546.051493283183,4538.439600000001,4530.827706716818
2026-05-18 09:02:00+03:00,4533.075,4535.05,4532.445,4534.025,921,39.3,24.2,36.5,4545.360434858395,4538.0116,4530.662765141605
2026-05-18 09:03:00+03:00,4534.075,4539.13,4533.28,4538.725,815,6.9,13.6,79.5,4544.328520053909,4537.7222,4531.115879946091
2026-05-18 09:04:00+03:00,4538.665,4539.52,4535.235,4535.49,838,20.0,6.0,74.1,4543.403462115276,4537.3608,4531.318137884725
2026-05-18 09:05:00+03:00,4535.48,4536.385,4533.425,4536.215,998,5.7,69.4,24.8,4543.0848646539625,4537.1824,4531.279935346037
2026-05-18 09:06:00+03:00,4536.25,4540.27,4535.165,4540.115,868,3.0,21.3,75.7,4543.146191866762,4537.2044,4531.262608133237
2026-05-18 09:07:00+03:00,4540.0,4540.66,4535.865,4536.925,813,13.8,22.1,64.1,4542.897659329416,4537.0764,4531.255140670584
2026-05-18 09:08:00+03:00,4536.915,4539.6,4535.36,4538.73,973,20.5,36.7,42.8,4542.508129846691,4536.9568,4531.405470153309
2026-05-18 09:09:00+03:00,4538.74,4539.815,4537.695,4538.055,911,50.7,17.0,32.3,4542.310781293741,4536.879,4531.447218706259
2026-05-18 09:10:00+03:00,4538.05,4538.33,4535.735,4536.28,741,10.8,21.0,68.2,4541.993835177062,4536.7246000000005,4531.455364822939
2026-05-18 09:11:00+03:00,4536.305,4536.34,4532.61,4534.815,715,0.9,59.1,39.9,4541.844711069516,4536.576800000001,4531.308888930485
2026-05-18 09:12:00+03:00,4534.82,4535.575,4534.22,4534.545,418,55.7,24.0,20.3,4541.13688715747,4536.283200000001,4531.429512842532
2026-05-18 09:13:00+03:00,4534.635,4537.295,4534.34,4536.86,574,14.7,10.0,75.3,4540.587548211311,4536.118400000001,4531.649251788692
2026-05-18 09:14:00+03:00,4536.855,4538.13,4536.25,4537.735,572,21.0,32.2,46.8,4540.437866321714,4536.069200000001,4531.700533678288
2026-05-18 09:15:00+03:00,4537.6,4538.775,4535.63,4538.225,587,17.5,62.6,19.9,4540.4202013175545,4536.063400000002,4531.706598682449
2026-05-18 09:16:00+03:00,4538.245,4541.755,4538.18,4539.9,526,51.9,1.8,46.3,4540.762695861019,4536.171200000001,4531.579704138982
2026-05-18 09:17:00+03:00,4539.905,4539.905,4536.875,4537.24,569,0.0,12.0,88.0,4540.79823176361,4536.192200000001,4531.586168236393
2026-05-18 09:18:00+03:00,4537.22,4537.435,4534.535,4535.11,593,7.4,19.8,72.8,4540.769063024234,4536.144000000001,4531.518936975768
2026-05-18 09:19:00+03:00,4535.12,4537.545,4534.535,4536.76,531,26.1,19.4,54.5,4540.7806041080685,4536.152000000001,4531.523395891933
2026-05-18 09:20:00+03:00,4536.745,4537.565,4534.83,4537.255,537,11.3,70.0,18.6,4540.779821013661,4536.151600000001,4531.523378986341
2026-05-18 09:21:00+03:00,4537.24,4538.075,4535.215,4537.475,726,21.0,70.8,8.2,4540.860236087637,4536.203000000001,4531.545763912366
2026-05-18 09:22:00+03:00,4537.495,4539.375,4535.71,4538.315,903,28.9,48.7,22.4,4541.025399686254,4536.296800000002,4531.56820031375
2026-05-18 09:23:00+03:00,4538.375,4543.315,4538.375,4543.3,716,0.3,0.0,99.7,4541.846118279756,4536.764200000001,4531.682281720247
2026-05-18 09:24:00+03:00,4543.285,4544.17,4541.485,4543.605,836,21.0,67.0,11.9,4542.498997323881,4537.258600000002,4532.018202676123
2026-05-18 09:25:00+03:00,4543.6,4548.235,4543.55,4546.255,958,42.3,1.1,56.7,4543.795735606969,4537.799800000002,4531.803864393034
2026-05-18 09:26:00+03:00,4546.255,4546.255,4537.965,4538.085,1022,0.0,1.4,98.6,4543.67402925868,4538.001600000002,4532.329170741325
2026-05-18 09:27:00+03:00,4538.065,4541.81,4537.72,4540.54,1088,31.1,8.4,60.5,4543.776329539954,4538.262200000002,4532.74807046005
2026-05-18 09:28:00+03:00,4540.545,4541.275,4539.52,4539.7,709,41.6,10.3,48.1,4543.841600183476,4538.301200000002,4532.760799816528
2026-05-18 09:29:00+03:00,4539.65,4540.89,4537.495,4537.815,520,36.5,9.4,54.1,4543.819585274645,4538.394200000002,4532.968814725358
2026-05-18 09:30:00+03:00,4537.81,4537.81,4534.74,4535.425,991,0.0,22.3,77.7,4543.847266707904,4538.362600000002,4532.8779332921
2026-05-18 09:31:00+03:00,4535.41,4539.385,4535.35,4538.79,697,14.7,1.5,83.8,4543.7509431537765,4538.309600000001,4532.868256846226
2026-05-18 09:32:00+03:00,4538.815,4544.18,4538.32,4543.05,1116,19.3,8.4,72.3,4544.269212789273,4538.554600000001,4532.839987210729
2026-05-18 09:33:00+03:00,4543.03,4547.345,4542.555,4544.645,1261,56.4,9.9,33.7,4544.984973825406,4538.7912000000015,4532.597426174597
2026-05-18 09:34:00+03:00,4544.65,4544.735,4539.1,4539.94,841,1.5,14.9,83.6,4545.068578209931,4538.866600000001,4532.664621790072
2026-05-18 09:35:00+03:00,4539.91,4541.495,4538.95,4540.995,762,19.6,37.7,42.6,4545.217714729174,4539.055200000002,4532.892685270829
2026-05-18 09:36:00+03:00,4540.965,4542.405,4539.18,4540.36,684,44.7,36.6,18.8,4545.207895377012,4539.277000000001,4533.34610462299
2026-05-18 09:37:00+03:00,4540.425,4541.85,4539.695,4541.38,529,21.8,33.9,44.3,4545.207382880213,4539.550400000002,4533.893417119791
2026-05-18 09:38:00+03:00,4541.39,4541.73,4538.91,4539.46,534,12.1,19.5,68.4,4545.204298963356,4539.654400000002,4534.104501036648
2026-05-18 09:39:00+03:00,4539.465,4539.595,4538.04,4538.37,564,8.4,21.2,70.4,4545.200061930791,4539.679800000002,4534.159538069212
2026-05-18 09:40:00+03:00,4538.355,4539.025,4537.16,4538.715,686,16.6,64.1,19.3,4545.2023136407015,4539.699400000001,4534.196486359301
2026-05-18 09:41:00+03:00,4538.72,4539.135,4536.475,4538.635,635,15.6,81.2,3.2,4545.166648332634,4539.648800000001,4534.130951667367
2026-05-18 09:42:00+03:00,4538.58,4539.035,4535.675,4535.675,449,13.5,0.0,86.5,4545.245632674939,4539.586200000002,4533.926767325064
2026-05-18 09:43:00+03:00,4535.635,4537.21,4535.28,4536.685,754,27.2,18.4,54.4,4545.140483769717,4539.649200000001,4534.157916230284
2026-05-18 09:44:00+03:00,4536.74,4540.995,4536.615,4540.92,541,1.7,2.9,95.4,4545.197628850711,4539.815600000001,4534.43357114929
2026-05-18 09:45:00+03:00,4540.915,4541.075,4538.83,4539.75,827,7.1,41.0,51.9,4545.195363575091,4539.915400000001,4534.635436424911
2026-05-18 09:46:00+03:00,4539.8,4544.23,4539.72,4543.84,703,8.6,1.8,89.6,4545.567243739025,4540.170000000001,4534.772756260977
2026-05-18 09:47:00+03:00,4543.82,4544.97,4542.795,4544.45,643,23.9,47.1,29.0,4546.00733484862,4540.415400000001,4534.823465151381
2026-05-18 09:48:00+03:00,4544.37,4546.305,4544.175,4545.17,741,53.3,9.2,37.6,4546.280968848069,4540.4902,4534.699431151931
2026-05-18 09:49:00+03:00,4545.045,4545.245,4543.085,4543.8,602,9.3,33.1,57.6,4546.306029614307,4540.4980000000005,4534.689970385694
2026-05-18 09:50:00+03:00,4543.67,4543.935,4542.56,4543.77,533,12.0,80.7,7.3,4545.885288997888,4540.3986,4534.911911002113
2026-05-18 09:51:00+03:00,4543.79,4543.97,4543.13,4543.865,401,12.5,78.6,8.9,4546.193616301909,4540.629800000001,4535.065983698092
2026-05-18 09:52:00+03:00,4543.86,4544.57,4543.46,4544.16,297,36.9,36.0,27.0,4546.50738844594,4540.774600000001,4535.0418115540615
2026-05-18 09:53:00+03:00,4544.255,4544.65,4542.95,4543.4,244,23.2,26.5,50.3,4546.727367088261,4540.922600000001,4535.11783291174
2026-05-18 09:54:00+03:00,4543.45,4546.405,4543.42,4546.22,525,6.2,1.0,92.8,4547.274449778142,4541.2588000000005,4535.243150221859
2026-05-18 09:55:00+03:00,4546.25,4547.925,4545.03,4546.54,584,47.8,42.1,10.0,4547.569797682598,4541.7034,4535.837002317403
2026-05-18 09:56:00+03:00,4546.435,4547.365,4544.9,4547.215,433,6.1,62.3,31.6,4548.161079647805,4542.040400000001,4535.919720352196
2026-05-18 09:57:00+03:00,4547.265,4547.935,4546.03,4546.205,404,35.2,9.2,55.6,4548.49202091687,4542.1666000000005,4535.841179083131
2026-05-18 09:58:00+03:00,4546.21,4547.17,4545.775,4546.795,585,26.9,31.2,41.9,4548.766132451184,4542.2526,4535.739067548816
2026-05-18 09:59:00+03:00,4546.8,4547.385,4546.515,4546.855,653,60.9,32.8,6.3,4549.211528147273,4542.5292,4535.846871852727
2026-05-18 10:00:00+03:00,4546.875,4547.465,4544.175,4546.46,870,17.9,69.5,12.6,4549.571138821446,4542.7478,4535.924461178554
2026-05-18 10:01:00+03:00,4546.47,4548.82,4544.96,4547.57,713,32.4,39.1,28.5,4550.038598037575,4543.0362,4536.033801962424
2026-05-18 10:02:00+03:00,4547.515,4549.575,4546.82,4546.825,612,74.8,0.2,25.0,4550.374516274956,4543.254,4536.133483725044
2026-05-18 10:03:00+03:00,4546.835,4548.305,4546.085,4546.375,683,66.2,13.1,20.7,4550.5769547038735,4543.530599999999,4536.484245296125
2026-05-18 10:04:00+03:00,4546.35,4546.51,4543.545,4544.11,526,5.4,19.1,75.5,4550.485739076436,4543.7602,4537.034660923563
2026-05-18 10:05:00+03:00,4544.065,4545.11,4543.435,4544.045,456,62.4,36.4,1.2,4550.375851857002,4543.9734,4537.570948142998
2026-05-18 10:06:00+03:00,4544.035,4545.22,4543.47,4544.875,476,19.7,32.3,48.0,4550.248984402524,4544.223,4538.197015597476
2026-05-18 10:07:00+03:00,4544.915,4545.35,4544.245,4544.705,450,39.4,41.6,19.0,4549.497128805249,4544.5842,4539.671271194751
2026-05-18 10:08:00+03:00,4544.67,4547.04,4543.73,4546.725,515,9.5,28.4,62.1,4548.7595839679925,4544.9858,4541.212016032008
2026-05-18 10:09:00+03:00,4546.735,4548.15,4546.075,4546.495,577,68.2,20.2,11.6,4548.638383391509,4545.2088,4541.779216608492
2026-05-18 10:10:00+03:00,4546.475,4546.55,4544.015,4545.29,589,3.0,50.3,46.7,4548.037872217088,4545.4304,4542.822927782912
2026-05-18 10:11:00+03:00,4545.295,4545.295,4543.81,4544.15,397,0.0,22.9,77.1,4548.022704000286,4545.4428,4542.862895999714
2026-05-18 10:12:00+03:00,4544.07,4545.89,4543.44,4543.84,441,74.3,16.3,9.4,4548.046489378265,4545.4184,4542.790310621735
2026-05-18 10:13:00+03:00,4543.78,4544.38,4543.075,4543.83,351,42.1,54.0,3.8,4548.064646639074,4545.364799999999,4542.664953360924
2026-05-18 10:14:00+03:00,4543.78,4543.97,4542.325,4543.92,640,3.0,88.4,8.5,4548.058706799109,4545.3696,4542.680493200891
2026-05-18 10:15:00+03:00,4543.805,4544.395,4543.1,4543.105,492,45.6,0.4,54.1,4548.106985538542,4545.342999999999,4542.579014461456
2026-05-18 10:16:00+03:00,4543.08,4545.89,4541.985,4545.89,644,0.0,28.0,72.0,4548.128020718364,4545.423999999999,4542.719979281635
2026-05-18 10:17:00+03:00,4545.88,4546.045,4544.115,4544.805,387,8.5,35.8,55.7,4548.117146976841,4545.449799999999,4542.782453023156
2026-05-18 10:18:00+03:00,4544.785,4544.815,4543.195,4543.96,404,1.9,47.2,50.9,4548.079034225387,4545.472199999999,4542.865365774612
2026-05-18 10:19:00+03:00,4543.97,4545.115,4542.095,4542.095,579,37.9,0.0,62.1,4548.20928350718,4545.307199999999,4542.405116492819
2026-05-18 10:20:00+03:00,4542.015,4542.3,4539.02,4539.2,551,8.7,5.5,85.8,4548.728674720533,4545.013599999999,4541.298525279466
2026-05-18 10:21:00+03:00,4539.19,4540.89,4538.465,4540.705,353,7.6,29.9,62.5,4548.718727339316,4544.753199999999,4540.787672660683
2026-05-18 10:22:00+03:00,4540.72,4541.625,4540.385,4540.56,426,73.0,14.1,12.9,4548.769745696339,4544.527399999999,4540.285054303659
2026-05-18 10:23:00+03:00,4540.55,4541.2,4539.77,4540.81,352,27.3,54.5,18.2,4548.66482259436,4544.288,4539.911177405639
2026-05-18 10:24:00+03:00,4540.86,4541.265,4539.125,4539.44,441,18.9,14.7,66.4,4548.629381043721,4543.9914,4539.353418956279
2026-05-18 10:25:00+03:00,4539.395,4545.51,4539.265,4545.51,910,0.0,2.1,97.9,4548.524946541202,4543.953399999999,4539.381853458797
2026-05-18 10:26:00+03:00,4545.695,4550.33,4545.34,4547.27,1330,61.3,7.1,31.6,4548.476338606605,4543.9414,4539.406461393394
2026-05-18 10:27:00+03:00,4547.215,4548.03,4545.2,4546.93,717,28.8,61.1,10.1,4548.491394825699,4543.945599999999,4539.399805174299
2026-05-18 10:28:00+03:00,4546.94,4547.155,4544.56,4545.24,563,8.3,26.2,65.5,4548.37007291046,4543.9002,4539.43032708954
2026-05-18 10:29:00+03:00,4545.12,4551.4,4544.24,4550.65,928,10.5,12.3,77.2,4549.3568506316415,4544.161799999999,4538.966749368356
2026-05-18 10:30:00+03:00,4550.655,4559.98,4550.515,4559.065,1505,9.7,1.5,88.9,4552.577930126269,4544.762599999999,4536.947269873729
2026-05-18 10:31:00+03:00,4559.05,4559.05,4555.305,4555.44,1079,0.0,3.6,96.4,4554.05109531999,4545.1852,4536.31930468001
2026-05-18 10:32:00+03:00,4555.685,4560.095,4553.795,4554.005,1246,70.0,3.3,26.7,4555.068240356704,4545.557199999999,4536.046159643294
2026-05-18 10:33:00+03:00,4554.015,4556.145,4554.015,4554.57,966,73.9,0.0,26.1,4556.012237399121,4545.871,4535.729762600879
2026-05-18 10:34:00+03:00,4554.455,4556.105,4554.17,4554.75,818,70.0,14.7,15.2,4556.923146197374,4546.2012,4535.479253802625
2026-05-18 10:35:00+03:00,4554.785,4555.15,4552.29,4553.825,642,12.8,53.7,33.6,4557.662880615608,4546.5426,4535.422319384392
2026-05-18 10:36:00+03:00,4553.845,4554.41,4552.205,4552.595,817,25.6,17.7,56.7,4558.200705974997,4546.8804,4535.560094025003
2026-05-18 10:37:00+03:00,4552.615,4554.415,4552.06,4552.41,677,76.4,14.9,8.7,4558.672762044831,4547.2232,4535.77363795517
2026-05-18 10:38:00+03:00,4552.425,4553.25,4551.775,4551.86,517,55.9,5.8,38.3,4559.045598656261,4547.544400000001,4536.04320134374
2026-05-18 10:39:00+03:00,4551.85,4555.51,4551.85,4552.93,673,70.5,0.0,29.5,4559.493456686435,4547.904800000001,4536.316143313567
2026-05-18 10:40:00+03:00,4552.91,4554.8,4552.145,4553.255,719,58.2,28.8,13.0,4559.909570167127,4548.310800000001,4536.712029832876
2026-05-18 10:41:00+03:00,4553.36,4553.475,4550.43,4550.845,554,3.8,13.6,82.6,4560.104871676596,4548.509000000002,4536.913128323407
2026-05-18 10:42:00+03:00,4550.815,4550.985,4549.24,4549.875,442,9.7,36.4,53.9,4560.218456463709,4548.711800000002,4537.205143536295
2026-05-18 10:43:00+03:00,4549.835,4552.235,4547.855,4551.78,767,10.4,45.2,44.4,4560.422198312842,4549.024600000002,4537.627001687161
2026-05-18 10:44:00+03:00,4551.715,4551.76,4549.08,4549.08,505,1.7,0.0,98.3,4560.345303544852,4549.304000000001,4538.26269645515
2026-05-18 10:45:00+03:00,4549.105,4551.785,4548.99,4551.21,482,20.6,4.1,75.3,4560.042761005682,4549.784400000001,4539.5260389943205
2026-05-18 10:46:00+03:00,4551.2,4551.56,4547.59,4548.26,471,9.1,16.9,74.1,4559.680910695189,4550.086600000001,4540.492289304814
2026-05-18 10:47:00+03:00,4548.275,4548.435,4546.905,4547.56,551,10.5,42.8,46.7,4559.211802864983,4550.366600000001,4541.52139713502
2026-05-18 10:48:00+03:00,4547.57,4548.305,4545.955,4546.995,589,31.3,44.3,24.5,4558.688592247655,4550.614000000001,4542.539407752348
2026-05-18 10:49:00+03:00,4547.0,4547.455,4543.605,4543.82,634,11.8,5.6,82.6,4558.033803879409,4550.789200000002,4543.544596120595
2026-05-18 10:50:00+03:00,4543.825,4544.745,4540.105,4541.05,869,19.8,20.4,59.8,4558.552721012923,4550.610800000002,4542.668878987081
2026-05-18 10:51:00+03:00,4541.23,4542.545,4540.17,4540.91,1016,55.4,31.2,13.5,4559.079149802687,4550.3564000000015,4541.6336501973165
2026-05-18 10:52:00+03:00,4540.9,4542.835,4540.09,4541.265,713,57.2,29.5,13.3,4559.469345374804,4550.1298000000015,4540.790254625199
2026-05-18 10:53:00+03:00,4541.23,4543.99,4540.51,4543.825,575,4.7,20.7,74.6,4559.546781740799,4550.073200000002,4540.599618259204
2026-05-18 10:54:00+03:00,4543.83,4546.365,4543.63,4544.8,541,57.2,7.3,35.5,4559.5307198715,4549.839200000001,4540.147680128503
2026-05-18 10:55:00+03:00,4544.78,4545.12,4543.175,4544.32,518,17.5,58.9,23.7,4558.40305995304,4549.2494000000015,4540.095740046963
2026-05-18 10:56:00+03:00,4544.255,4548.76,4542.885,4547.08,974,28.6,23.3,48.1,4557.744690819685,4548.915000000002,4540.085309180318
2026-05-18 10:57:00+03:00,4547.095,4547.785,4545.66,4546.715,544,32.5,49.6,17.9,4557.240384492944,4548.623400000001,4540.006415507059
2026-05-18 10:58:00+03:00,4546.71,4548.47,4546.515,4547.09,695,70.6,10.0,19.4,4556.607473592711,4548.324200000002,4540.040926407292
2026-05-18 10:59:00+03:00,4547.075,4547.155,4546.14,4546.295,588,7.9,15.3,76.8,4555.873165775829,4547.986000000002,4540.098834224174
2026-05-18 11:00:00+03:00,4546.285,4548.98,4545.92,4548.25,1049,23.9,11.9,64.2,4555.283943557091,4547.763000000002,4540.242056442912
2026-05-18 11:01:00+03:00,4548.24,4548.4,4545.6,4546.02,740,5.7,15.0,79.3,4554.782739043957,4547.500000000002,4540.217260956047
2026-05-18 11:02:00+03:00,4546.025,4546.73,4544.87,4545.635,308,37.9,41.1,21.0,4554.260624563626,4547.229000000001,4540.197375436376
2026-05-18 11:03:00+03:00,4545.63,4548.59,4545.435,4547.35,644,39.3,6.2,54.5,4553.8224116401925,4547.048600000002,4540.274788359811
2026-05-18 11:04:00+03:00,4547.37,4548.69,4546.145,4546.475,680,51.9,13.0,35.2,4553.125694732066,4546.790400000002,4540.455105267937
2026-05-18 11:05:00+03:00,4546.47,4548.63,4546.21,4547.505,687,46.5,10.7,42.8,4552.332704164286,4546.560400000001,4540.788095835716
2026-05-18 11:06:00+03:00,4547.52,4547.825,4545.385,4545.98,485,12.5,24.4,63.1,4551.86895086374,4546.365800000001,4540.862649136263
2026-05-18 11:07:00+03:00,4546.045,4547.3,4545.935,4546.25,476,76.9,8.1,15.0,4551.534216738512,4546.220800000001,4540.9073832614895
2026-05-18 11:08:00+03:00,4546.22,4547.985,4546.22,4546.85,432,64.3,0.0,35.7,4550.8397640477615,4546.023600000001,4541.207435952241
2026-05-18 11:09:00+03:00,4546.86,4547.16,4543.915,4544.18,527,9.2,8.2,82.6,4550.527699672241,4545.827600000001,4541.1275003277615
2026-05-18 11:10:00+03:00,4544.195,4546.015,4544.005,4545.675,657,16.9,9.5,73.6,4549.761119282231,4545.606200000001,4541.451280717771
2026-05-18 11:11:00+03:00,4545.68,4546.045,4543.88,4544.12,377,16.9,11.1,72.1,4549.487851236487,4545.440600000001,4541.393348763515
2026-05-18 11:12:00+03:00,4544.035,4544.035,4542.44,4543.885,337,0.0,90.6,9.4,4549.288883740183,4545.293600000001,4541.298316259818
2026-05-18 11:13:00+03:00,4543.895,4545.155,4543.69,4545.13,300,1.7,14.0,84.3,4549.153609510237,4545.219000000001,4541.2843904897645
2026-05-18 11:14:00+03:00,4545.17,4547.42,4545.015,4546.815,362,25.2,6.4,68.4,4549.278107836636,4545.338800000001,4541.399492163367
2026-05-18 11:15:00+03:00,4546.79,4546.79,4544.795,4545.18,349,0.0,19.3,80.7,4549.035289845218,4545.504000000002,4541.972710154785
2026-05-18 11:16:00+03:00,4545.16,4545.195,4542.94,4544.365,505,1.6,63.2,35.3,4548.679371155296,4545.642200000001,4542.605028844706
2026-05-18 11:17:00+03:00,4544.325,4545.05,4543.45,4545.05,368,0.0,54.7,45.3,4548.268120584598,4545.793600000002,4543.319079415405
2026-05-18 11:18:00+03:00,4545.145,4545.92,4544.04,4545.775,277,7.7,58.8,33.5,4548.212307103809,4545.871600000001,4543.530892896194
2026-05-18 11:19:00+03:00,4545.785,4546.805,4545.58,4545.875,411,75.9,16.7,7.3,4548.214118066819,4545.914600000001,4543.615081933183
2026-05-18 11:20:00+03:00,4545.86,4549.055,4545.85,4548.845,619,6.6,0.3,93.1,4548.570243113917,4546.0956000000015,4543.620956886086
2026-05-18 11:21:00+03:00,4548.83,4548.83,4546.535,4547.66,539,0.0,49.0,51.0,4548.640353925045,4546.118800000002,4543.597246074959
2026-05-18 11:22:00+03:00,4547.665,4548.515,4546.89,4548.06,469,28.0,47.7,24.3,4548.797996145154,4546.172600000002,4543.54720385485
2026-05-18 11:23:00+03:00,4548.045,4548.99,4547.595,4548.55,290,31.5,32.3,36.2,4548.996633372927,4546.2310000000025,4543.465366627078
2026-05-18 11:24:00+03:00,4548.66,4550.09,4548.53,4550.01,367,5.1,8.3,86.5,4549.517223196917,4546.379600000002,4543.241976803087
2026-05-18 11:25:00+03:00,4550.015,4551.135,4548.185,4548.835,554,38.0,22.0,40.0,4549.604153536939,4546.403000000002,4543.2018464630655
2026-05-18 11:26:00+03:00,4548.785,4551.45,4548.715,4550.665,474,28.7,2.6,68.7,4550.193265318125,4546.588800000001,4542.984334681878
2026-05-18 11:27:00+03:00,4550.655,4550.87,4548.235,4548.395,442,8.2,6.1,85.8,4550.34883524291,4546.699200000002,4543.049564757093
2026-05-18 11:28:00+03:00,4548.41,4550.31,4548.295,4549.2,522,55.1,5.7,39.2,4550.545574190901,4546.773200000001,4543.000825809102
2026-05-18 11:29:00+03:00,4549.22,4549.22,4546.99,4548.355,465,0.0,61.2,38.8,4550.6686478641295,4546.848400000002,4543.028152135874
2026-05-18 11:30:00+03:00,4548.35,4548.93,4546.615,4546.91,464,25.1,12.7,62.2,4550.635591385465,4546.824600000002,4543.0136086145385
2026-05-18 11:31:00+03:00,4546.905,4548.66,4546.625,4546.82,294,86.2,9.6,4.2,4550.653592869592,4546.8582000000015,4543.062807130411
2026-05-18 11:32:00+03:00,4546.81,4549.875,4546.08,4549.71,326,4.3,19.2,76.4,4550.9425404115245,4546.996600000002,4543.05065958848
2026-05-18 11:33:00+03:00,4549.75,4552.24,4548.99,4550.985,499,38.6,23.4,38.0,4551.404964996482,4547.162000000002,4542.919035003522
2026-05-18 11:34:00+03:00,4550.965,4553.425,4549.345,4551.885,738,37.7,39.7,22.5,4551.916446486489,4547.470200000002,4543.023953513514
2026-05-18 11:35:00+03:00,4551.865,4552.045,4550.18,4550.38,400,9.7,10.7,79.6,4552.182391791297,4547.658400000002,4543.134408208707
2026-05-18 11:36:00+03:00,4550.385,4550.44,4548.18,4548.39,551,2.4,9.3,88.3,4552.12247443903,4547.829200000002,4543.535925560974
2026-05-18 11:37:00+03:00,4548.485,4550.28,4548.4,4549.59,267,36.7,4.5,58.8,4552.086158730066,4548.057400000002,4544.028641269939
2026-05-18 11:38:00+03:00,4549.515,4550.17,4548.97,4549.995,166,14.6,45.4,40.0,4552.164666604882,4548.252000000002,4544.339333395123
2026-05-18 11:39:00+03:00,4550.02,4551.9,4549.825,4551.565,529,16.1,9.4,74.5,4552.515121650064,4548.442000000002,4544.368878349939
2026-05-18 11:40:00+03:00,4551.51,4551.51,4550.2,4550.64,398,0.0,33.6,66.4,4552.593594033139,4548.6604000000025,4544.727205966866
2026-05-18 11:41:00+03:00,4550.63,4551.28,4549.64,4551.095,482,11.3,60.4,28.4,4552.559535442012,4548.929600000002,4545.299664557992
2026-05-18 11:42:00+03:00,4551.1,4551.53,4550.18,4550.4,322,31.9,16.3,51.9,4552.449802072471,4549.143600000001,4545.837397927531
2026-05-18 11:43:00+03:00,4550.36,4550.97,4549.385,4549.64,138,38.5,16.1,45.4,4552.308050329398,4549.298200000002,4546.288349670606
2026-05-18 11:44:00+03:00,4549.54,4549.76,4547.995,4548.16,228,12.5,9.3,78.2,4552.102188305071,4549.389600000002,4546.677011694934
2026-05-18 11:45:00+03:00,4548.32,4551.52,4548.125,4550.495,352,30.2,5.7,64.1,4552.192160340631,4549.455600000002,4546.719039659373
2026-05-18 11:46:00+03:00,4550.445,4551.06,4550.12,4551.01,357,5.3,34.6,60.1,4552.289165768536,4549.589600000001,4546.890034231466
2026-05-18 11:47:00+03:00,4551.14,4553.275,4551.08,4552.92,325,16.2,2.7,81.1,4552.705778904259,4549.7840000000015,4546.862221095744
2026-05-18 11:48:00+03:00,4552.91,4552.99,4551.865,4551.87,359,7.1,0.4,92.4,4552.903241199069,4549.916800000001,4546.9303588009325
2026-05-18 11:49:00+03:00,4551.865,4553.87,4551.405,4552.27,452,64.9,18.7,16.4,4553.133021587329,4550.007200000002,4546.881378412675
2026-05-18 11:50:00+03:00,4552.265,4555.875,4551.62,4555.875,522,0.0,15.2,84.8,4554.128421101826,4550.288800000001,4546.449178898177
2026-05-18 11:51:00+03:00,4555.895,4556.01,4553.535,4554.595,547,4.6,42.8,52.5,4554.639821164253,4550.446000000002,4546.252178835751
2026-05-18 11:52:00+03:00,4554.585,4555.455,4553.8,4555.28,482,10.6,47.4,42.0,4555.23255374805,4550.721400000001,4546.210246251952
2026-05-18 11:53:00+03:00,4555.275,4556.715,4555.145,4555.55,384,74.2,8.3,17.5,4555.818184254645,4550.975400000001,4546.132615745358
2026-05-18 11:54:00+03:00,4555.675,4557.135,4555.675,4556.15,262,67.5,0.0,32.5,4556.410605176419,4551.287200000002,4546.163794823584
2026-05-18 11:55:00+03:00,4556.11,4556.755,4555.025,4555.08,443,37.3,3.2,59.5,4556.619812619068,4551.614000000001,4546.608187380935
2026-05-18 11:56:00+03:00,4555.105,4556.045,4555.045,4555.23,286,81.5,6.0,12.5,4556.748356164661,4551.950400000001,4547.15244383534
2026-05-18 11:57:00+03:00,4555.26,4555.57,4553.16,4553.21,351,12.9,2.1,85.1,4556.822496293637,4552.090400000001,4547.3583037063645
2026-05-18 11:58:00+03:00,4553.225,4553.33,4552.135,4552.59,330,8.8,38.1,53.1,4556.86848155957,4552.154600000001,4547.440718440432
2026-05-18 11:59:00+03:00,4552.58,4552.685,4549.97,4549.97,446,3.9,0.0,96.1,4556.8685298228565,4552.078000000001,4547.287470177146
2026-05-18 12:00:00+03:00,4549.96,4552.125,4549.715,4551.435,569,28.6,10.2,61.2,4556.868556751375,4552.120200000001,4547.371843248628
2026-05-18 12:01:00+03:00,4551.425,4551.805,4549.715,4550.25,523,18.2,25.6,56.2,4556.76166375825,4552.194600000001,4547.627536241752
2026-05-18 12:02:00+03:00,4550.3,4550.385,4546.625,4546.625,685,2.3,0.0,97.7,4557.043861511458,4552.076000000001,4547.108138488544
2026-05-18 12:03:00+03:00,4546.61,4546.705,4541.245,4542.78,803,1.7,28.1,70.1,4557.90949906414,4551.787400000001,4545.665300935862
2026-05-18 12:04:00+03:00,4542.785,4543.68,4541.79,4542.58,569,47.4,41.8,10.8,4558.535721435113,4551.428000000001,4544.320278564888
2026-05-18 12:05:00+03:00,4542.6,4543.895,4541.66,4542.155,569,57.9,22.1,19.9,4559.070939766651,4551.088600000001,4543.106260233351
2026-05-18 12:06:00+03:00,4542.18,4546.2,4542.175,4545.71,436,12.2,0.1,87.7,4559.12915827497,4550.873200000001,4542.617241725032
2026-05-18 12:07:00+03:00,4545.71,4546.875,4545.5,4546.83,238,3.3,15.3,81.5,4559.136293607191,4550.730400000001,4542.324506392812
2026-05-18 12:08:00+03:00,4546.795,4546.9,4546.23,4546.585,212,15.7,53.0,31.3,4559.161478611931,4550.6082000000015,4542.054921388072
2026-05-18 12:09:00+03:00,4546.59,4547.44,4545.955,4547.36,197,5.4,42.8,51.9,4559.1717580526,4550.576200000001,4541.980641947403
2026-05-18 12:10:00+03:00,4547.365,4547.805,4545.72,4546.53,318,21.1,38.8,40.0,4559.158390864929,4550.417600000002,4541.676809135074
2026-05-18 12:11:00+03:00,4546.535,4547.345,4546.535,4546.9,306,54.9,0.0,45.1,4559.097233412808,4550.253200000002,4541.409166587196
2026-05-18 12:12:00+03:00,4546.905,4547.5,4546.175,4546.62,363,44.9,33.6,21.5,4558.885852059673,4550.0012000000015,4541.11654794033
2026-05-18 12:13:00+03:00,4546.625,4548.12,4546.545,4547.61,320,32.4,5.1,62.5,4558.728943930928,4549.830800000002,4540.932656069075
2026-05-18 12:14:00+03:00,4547.635,4547.73,4545.345,4546.6,291,4.0,52.6,43.4,4558.530889264808,4549.604000000002,4540.677110735196
2026-05-18 12:15:00+03:00,4546.575,4547.99,4546.405,4547.915,308,4.7,10.7,84.5,4557.8557926769845,4549.285600000002,4540.71540732302
2026-05-18 12:16:00+03:00,4547.9,4548.725,4546.14,4546.31,371,31.9,6.6,61.5,4557.315731761952,4548.954200000002,4540.592668238052
2026-05-18 12:17:00+03:00,4546.315,4547.495,4545.65,4547.09,401,22.0,36.0,42.0,4556.604033530718,4548.626600000001,4540.649166469285
2026-05-18 12:18:00+03:00,4547.08,4547.505,4546.265,4546.485,295,34.3,17.7,48.0,4555.759198996033,4548.264000000001,4540.768801003969
2026-05-18 12:19:00+03:00,4546.495,4546.53,4545.86,4546.475,299,5.2,91.8,3.0,4554.669700196807,4547.877000000002,4541.084299803198
2026-05-18 12:20:00+03:00,4546.515,4548.515,4546.18,4548.195,372,13.7,14.3,71.9,4553.729590024469,4547.601600000002,4541.473609975535
2026-05-18 12:21:00+03:00,4548.19,4549.03,4548.135,4548.605,408,47.5,6.1,46.4,4552.639585362092,4547.336600000001,4542.033614637911
2026-05-18 12:22:00+03:00,4548.56,4549.075,4546.92,4548.44,351,23.9,70.5,5.6,4551.9051425442185,4547.145800000001,4542.386457455784
2026-05-18 12:23:00+03:00,4548.445,4548.82,4547.345,4547.885,408,25.4,36.6,38.0,4551.183094166896,4546.957600000002,4542.732105833107
2026-05-18 12:24:00+03:00,4548.0,4548.36,4546.505,4546.65,344,19.4,7.8,72.8,4550.868000199672,4546.824800000001,4542.781599800331
2026-05-18 12:25:00+03:00,4546.52,4546.625,4544.53,4546.025,196,5.0,71.4,23.6,4550.194744903563,4546.608400000001,4543.022055096439
2026-05-18 12:26:00+03:00,4546.0,4547.445,4545.845,4546.905,219,33.8,9.7,56.6,4549.743014813795,4546.4746000000005,4543.206185186206
2026-05-18 12:27:00+03:00,4547.005,4547.225,4545.945,4546.43,170,17.2,37.9,44.9,4549.734672561673,4546.4668,4543.198927438328
2026-05-18 12:28:00+03:00,4546.49,4548.4,4546.32,4546.41,277,91.8,4.3,3.8,4549.513788417114,4546.612000000001,4543.710211582888
2026-05-18 12:29:00+03:00,4546.32,4546.67,4544.705,4544.99,554,17.8,14.5,67.7,4549.198986633638,4546.7084,4544.217813366363
2026-05-18 12:30:00+03:00,4544.645,4545.71,4540.69,4541.6,664,21.2,18.1,60.7,4549.343081299453,4546.686200000001,4544.029318700549
2026-05-18 12:31:00+03:00,4541.605,4543.085,4540.76,4542.835,569,10.8,36.3,52.9,4549.608752011992,4546.571200000001,4543.533647988011
2026-05-18 12:32:00+03:00,4542.85,4543.915,4541.555,4543.73,665,7.8,54.9,37.3,4549.679240942932,4546.4472000000005,4543.215159057069
2026-05-18 12:33:00+03:00,4543.715,4544.2,4542.315,4542.315,507,25.7,0.0,74.3,4549.8900369726,4546.276400000001,4542.6627630274015
2026-05-18 12:34:00+03:00,4542.265,4543.62,4542.06,4543.62,249,0.0,13.1,86.9,4549.856413256975,4546.126800000001,4542.397186743027
2026-05-18 12:35:00+03:00,4543.43,4545.69,4543.43,4544.41,471,56.6,0.0,43.4,4549.827079130523,4546.042,4542.256920869478
2026-05-18 12:36:00+03:00,4544.425,4545.14,4543.545,4543.795,575,44.8,15.7,39.5,4549.784992345434,4545.917800000001,4542.050607654568
2026-05-18 12:37:00+03:00,4543.95,4545.89,4543.745,4545.61,612,13.1,9.6,77.4,4549.735497063682,4545.877400000001,4542.019302936321
2026-05-18 12:38:00+03:00,4545.665,4546.765,4545.185,4545.515,315,69.6,20.9,9.5,4549.588008012465,4545.793600000001,4541.9991919875365
2026-05-18 12:39:00+03:00,4545.51,4546.21,4545.15,4546.2,217,0.9,34.0,65.1,4549.561630786354,4545.7776,4541.993569213647
2026-05-18 12:40:00+03:00,4546.165,4546.165,4544.555,4545.06,440,0.0,31.4,68.6,4549.353678816623,4545.663400000001,4541.97312118338
2026-05-18 12:41:00+03:00,4545.0,4545.04,4541.86,4541.87,394,1.3,0.3,98.4,4549.451588378255,4545.4858,4541.520011621746
2026-05-18 12:42:00+03:00,4541.86,4541.995,4540.645,4540.98,273,10.0,24.8,65.2,4549.522189199103,4545.241400000001,4540.960610800898
2026-05-18 12:43:00+03:00,4540.995,4543.345,4540.835,4543.22,484,5.0,6.4,88.6,4549.430898778542,4545.1108,4540.790701221459
2026-05-18 12:44:00+03:00,4543.245,4543.825,4542.755,4543.255,288,53.3,45.8,0.9,4549.323678015438,4544.982000000001,4540.640321984563
2026-05-18 12:45:00+03:00,4543.24,4543.42,4540.735,4541.745,434,6.7,37.6,55.7,4549.037777927739,4544.724,4540.410222072262
2026-05-18 12:46:00+03:00,4541.765,4542.72,4541.28,4541.28,344,66.3,0.0,33.7,4548.644445146805,4544.4310000000005,4540.217554853196
2026-05-18 12:47:00+03:00,4541.285,4542.27,4541.125,4541.335,321,81.7,14.0,4.4,4548.195521161169,4544.1468,4540.098078838832
2026-05-18 12:48:00+03:00,4541.34,4541.97,4541.08,4541.38,386,66.3,29.2,4.5,4547.773796131005,4543.886600000001,4539.9994038689965
2026-05-18 12:49:00+03:00,4541.325,4542.03,4540.745,4541.79,487,18.7,45.1,36.2,4547.492282186546,4543.692200000001,4539.892117813457
2026-05-18 12:50:00+03:00,4541.77,4542.415,4541.195,4541.625,448,52.9,35.2,11.9,4547.27515440602,4543.516200000001,4539.757245593982
2026-05-18 12:51:00+03:00,4541.73,4542.87,4541.13,4542.11,404,43.7,34.5,21.8,4546.854490443367,4543.324400000001,4539.794309556636
2026-05-18 12:52:00+03:00,4542.055,4542.49,4540.38,4542.345,304,6.9,79.4,13.7,4546.472352591803,4543.161000000001,4539.849647408199
2026-05-18 12:53:00+03:00,4542.275,4542.72,4541.435,4542.69,296,2.3,65.4,32.3,4546.049143304791,4543.012200000001,4539.975256695211
2026-05-18 12:54:00+03:00,4542.62,4543.915,4541.85,4543.2,238,34.6,37.3,28.1,4545.870154671774,4542.940600000001,4540.011045328228
2026-05-18 12:55:00+03:00,4543.195,4544.73,4542.91,4544.11,191,34.1,15.7,50.3,4545.951878912274,4543.041,4540.130121087726
2026-05-18 12:56:00+03:00,4544.02,4544.47,4543.89,4544.15,53,55.2,22.4,22.4,4546.035052053874,4543.0936,4540.152147946126
2026-05-18 12:57:00+03:00,4544.1,4544.1,4542.77,4542.81,106,0.0,3.0,97.0,4545.988487407403,4543.0568,4540.125112592597
2026-05-18 12:58:00+03:00,4542.78,4543.86,4542.74,4543.52,184,30.4,3.6,66.1,4546.025921779629,4543.105,4540.18407822037
2026-05-18 12:59:00+03:00,4543.58,4543.985,4543.205,4543.205,135,51.9,0.0,48.1,4546.002133990539,4543.088400000001,4540.174666009462
2026-05-18 13:00:00+03:00,4543.165,4545.235,4542.885,4543.9,475,56.8,11.9,31.3,4545.951420195275,4543.068,4540.184579804725
2026-05-18 13:01:00+03:00,4543.895,4544.835,4543.53,4543.86,493,72.0,25.3,2.7,4545.956753598124,4543.0706,4540.184446401876
2026-05-18 13:02:00+03:00,4543.85,4544.35,4541.41,4543.15,421,17.0,59.2,23.8,4545.666711582062,4542.9722,4540.277688417938
2026-05-18 13:03:00+03:00,4543.145,4543.195,4541.485,4542.14,256,2.9,38.3,58.8,4545.339952219646,4542.8372,4540.334447780354
2026-05-18 13:04:00+03:00,4542.15,4543.115,4540.35,4540.575,384,34.9,8.1,57.0,4544.864027855195,4542.6122,4540.360372144804
2026-05-18 13:05:00+03:00,4540.58,4540.655,4537.535,4538.865,891,2.4,42.6,55.0,4544.83686326278,4542.3644,4539.891936737221
2026-05-18 13:06:00+03:00,4538.71,4540.815,4538.66,4540.77,412,2.1,2.3,95.6,4544.864601125977,4542.3204000000005,4539.776198874024
2026-05-18 13:07:00+03:00,4540.855,4542.445,4540.825,4541.91,321,33.0,1.9,65.1,4544.848966089611,4542.3576,4539.866233910389
2026-05-18 13:08:00+03:00,4541.915,4541.93,4537.685,4537.765,425,0.4,1.9,97.8,4545.184425215085,4542.139400000001,4539.094374784917
2026-05-18 13:09:00+03:00,4537.805,4539.375,4537.28,4538.555,494,39.1,25.1,35.8,4545.266115703792,4541.9514,4538.636684296208
2026-05-18 13:10:00+03:00,4538.55,4540.46,4537.95,4539.65,386,32.3,23.9,43.8,4545.302693154137,4541.8676000000005,4538.432506845864
2026-05-18 13:11:00+03:00,4539.635,4540.36,4538.73,4539.24,480,44.5,31.3,24.2,4545.366875875993,4541.786,4538.205124124007
2026-05-18 13:12:00+03:00,4539.22,4540.7,4538.45,4538.65,477,65.8,8.9,25.3,4545.462448328881,4541.6786,4537.89475167112
2026-05-18 13:13:00+03:00,4538.65,4538.94,4537.51,4537.755,339,20.3,17.1,62.6,4545.617995206901,4541.5336,4537.449204793099
2026-05-18 13:14:00+03:00,4537.805,4540.265,4535.865,4539.53,449,16.7,44.1,39.2,4545.600288291986,4541.4432,4537.286111708014
2026-05-18 13:15:00+03:00,4539.515,4542.12,4539.01,4541.56,336,18.0,16.2,65.8,4545.597311511516,4541.4406,4537.283888488484
2026-05-18 13:16:00+03:00,4541.51,4542.085,4540.465,4540.605,323,35.5,8.6,55.9,4545.540180689534,4541.3804,4537.220619310466
2026-05-18 13:17:00+03:00,4540.66,4541.365,4540.45,4540.45,99,77.0,0.0,23.0,4545.46036989226,4541.3046,4537.148830107739
2026-05-18 13:18:00+03:00,4540.415,4541.53,4539.7,4541.305,276,12.3,39.1,48.6,4545.366365710202,4541.249199999999,4537.132034289796
2026-05-18 13:19:00+03:00,4541.3,4542.705,4540.845,4542.37,384,18.0,24.5,57.5,4545.282784484744,4541.215999999999,4537.149215515255
2026-05-18 13:20:00+03:00,4542.445,4542.67,4541.045,4541.745,424,13.8,43.1,43.1,4545.021102067716,4541.121399999999,4537.221697932282
2026-05-18 13:21:00+03:00,4541.73,4541.745,4540.435,4541.22,336,1.1,59.9,38.9,4544.703754226737,4541.004199999999,4537.304645773262
2026-05-18 13:22:00+03:00,4541.225,4541.78,4538.355,4538.7,297,16.2,10.1,73.7,4544.568920528167,4540.839799999999,4537.110679471831
2026-05-18 13:23:00+03:00,4538.69,4540.165,4538.69,4539.99,493,11.9,0.0,88.1,4544.275299622655,4540.6986,4537.121900377344
2026-05-18 13:24:00+03:00,4539.98,4540.565,4539.31,4539.565,317,46.6,20.3,33.1,4544.00386424816,4540.552999999999,4537.102135751838
2026-05-18 13:25:00+03:00,4539.57,4540.79,4539.565,4540.07,259,58.8,0.4,40.8,4543.57147524592,4540.3998,4537.22812475408
2026-05-18 13:26:00+03:00,4540.055,4540.825,4539.505,4540.66,279,12.5,41.7,45.8,4543.115941888601,4540.2718,4537.427658111398
2026-05-18 13:27:00+03:00,4540.665,4540.695,4539.255,4539.575,220,2.1,22.2,75.7,4542.728720430479,4540.1288,4537.528879569521
2026-05-18 13:28:00+03:00,4539.58,4540.465,4539.385,4540.29,250,16.2,18.1,65.7,4542.523534873954,4540.0548,4537.5860651260455
2026-05-18 13:29:00+03:00,4540.345,4540.815,4538.655,4539.89,213,21.8,57.2,21.1,4542.487622954935,4540.0274,4537.567177045065
2026-05-18 13:30:00+03:00,4539.88,4540.835,4539.14,4539.235,196,56.3,5.6,38.1,4542.478610611584,4540.0422,4537.605789388415
2026-05-18 13:31:00+03:00,4539.265,4539.91,4538.26,4538.795,367,39.1,32.4,28.5,4542.428004883308,4539.963199999999,4537.4983951166905
2026-05-18 13:32:00+03:00,4538.77,4538.81,4536.91,4537.65,315,2.1,38.9,58.9,4542.284557753444,4539.792799999999,4537.301042246555
2026-05-18 13:33:00+03:00,4537.595,4537.655,4534.235,4534.39,366,1.8,4.5,93.7,4542.843468016816,4539.657799999999,4536.472131983182
2026-05-18 13:34:00+03:00,4534.405,4535.405,4532.775,4532.88,666,38.0,4.0,58.0,4543.565766687271,4539.430799999999,4535.295833312727
2026-05-18 13:35:00+03:00,4532.895,4534.905,4532.145,4534.1,408,29.2,27.2,43.7,4543.8391255038105,4539.2088,4534.57847449619
2026-05-18 13:36:00+03:00,4534.115,4538.57,4534.115,4538.145,470,9.5,0.0,90.5,4543.813994732965,4539.165,4534.516005267035
2026-05-18 13:37:00+03:00,4538.125,4539.82,4537.42,4537.825,472,70.6,16.9,12.5,4543.806789407968,4539.1320000000005,4534.457210592033
2026-05-18 13:38:00+03:00,4537.79,4539.35,4537.46,4538.63,701,38.1,17.5,44.4,4543.813040898086,4539.167,4534.520959101915
2026-05-18 13:39:00+03:00,4538.62,4538.995,4537.6,4538.285,507,26.9,49.1,24.0,4543.773288557421,4539.117200000001,4534.46111144258
2026-05-18 13:40:00+03:00,4538.275,4540.525,4537.805,4540.28,522,9.0,17.3,73.7,4543.6409587984135,4539.066000000001,4534.491041201588
2026-05-18 13:41:00+03:00,4540.315,4540.36,4538.075,4539.385,348,2.0,57.3,40.7,4543.551297557795,4539.0172,4534.483102442206
2026-05-18 13:42:00+03:00,4539.37,4541.35,4539.37,4541.35,255,0.0,0.0,100.0,4543.646140568976,4539.0532,4534.4602594310245
2026-05-18 13:43:00+03:00,4541.355,4543.44,4540.725,4542.065,379,50.6,23.2,26.2,4543.745301422664,4539.083600000001,4534.421898577338
2026-05-18 13:44:00+03:00,4542.105,4544.21,4541.79,4543.915,371,12.2,13.0,74.8,4544.016016320454,4539.145400000001,4534.274783679549
2026-05-18 13:45:00+03:00,4543.97,4545.005,4542.945,4544.165,358,40.8,49.8,9.5,4544.403166639158,4539.242200000001,4534.081233360843
2026-05-18 13:46:00+03:00,4544.205,4547.45,4544.18,4547.025,480,13.0,0.8,86.2,4545.431375285002,4539.474400000001,4533.517424715
2026-05-18 13:47:00+03:00,4547.075,4547.955,4546.43,4547.24,496,46.9,42.3,10.8,4546.4921941252,4539.816000000001,4533.139805874802
2026-05-18 13:48:00+03:00,4547.23,4547.8,4544.54,4545.45,342,17.5,27.9,54.6,4547.066799489432,4540.0344000000005,4533.002000510569
2026-05-18 13:49:00+03:00,4545.445,4545.725,4542.18,4543.17,397,7.9,27.9,64.2,4547.3136775869,4540.1786,4533.043522413101
2026-05-18 13:50:00+03:00,4543.1,4543.445,4541.86,4542.085,295,21.8,14.2,64.0,4547.432968704588,4540.259200000001,4533.085431295414
2026-05-18 13:51:00+03:00,4542.095,4542.305,4540.975,4541.47,221,15.8,37.2,47.0,4547.47961932221,4540.2916000000005,4533.103580677791
2026-05-18 13:52:00+03:00,4541.39,4541.39,4539.755,4540.455,312,0.0,42.8,57.2,4547.509054175781,4540.326800000001,4533.144545824221
2026-05-18 13:53:00+03:00,4540.42,4540.455,4537.36,4537.44,322,1.1,2.6,96.3,4547.483697650276,4540.212800000001,4532.941902349727
2026-05-18 13:54:00+03:00,4537.435,4539.825,4537.435,4539.435,345,16.3,0.0,83.7,4547.4709144061535,4540.194600000002,4532.91828559385
2026-05-18 13:55:00+03:00,4539.44,4539.79,4536.745,4537.16,451,11.5,13.6,74.9,4547.476603038455,4540.111600000001,4532.746596961547
2026-05-18 13:56:00+03:00,4537.18,4538.845,4537.18,4538.455,325,23.4,0.0,76.6,4547.473925160628,4540.098000000002,4532.722074839376
2026-05-18 13:57:00+03:00,4538.42,4539.895,4538.405,4539.33,385,37.9,1.0,61.1,4547.481055916963,4540.165200000002,4532.849344083042
2026-05-18 13:58:00+03:00,4539.3,4540.51,4539.29,4540.46,317,4.1,0.8,95.1,4547.33355961319,4540.408000000002,4533.482440386814
2026-05-18 13:59:00+03:00,4540.47,4540.495,4539.695,4540.495,196,0.0,96.9,3.1,4546.919542639881,4540.712600000002,4534.505657360122
2026-05-18 14:00:00+03:00,4540.49,4542.025,4538.495,4539.26,651,43.5,21.7,34.8,4546.549018115177,4540.919000000002,4535.288981884826
2026-05-18 14:01:00+03:00,4539.265,4540.49,4538.685,4540.44,556,2.8,32.1,65.1,4546.530663534417,4541.010800000001,4535.490936465585
2026-05-18 14:02:00+03:00,4540.425,4541.495,4538.705,4539.525,439,38.4,29.4,32.3,4546.480625824165,4541.078800000001,4535.676974175837
2026-05-18 14:03:00+03:00,4539.53,4540.785,4539.2,4539.525,371,79.2,20.5,0.3,4546.462629858543,4541.114600000001,4535.766570141459
2026-05-18 14:04:00+03:00,4539.535,4539.91,4538.17,4538.56,358,21.6,22.4,56.0,4546.451389573219,4541.1256,4535.799810426782
2026-05-18 14:05:00+03:00,4538.55,4539.725,4538.065,4538.975,421,45.2,29.2,25.6,4546.456590667721,4541.073400000001,4535.6902093322815
2026-05-18 14:06:00+03:00,4538.995,4539.6,4538.605,4538.855,444,60.8,25.1,14.1,4546.465908584436,4541.052200000001,4535.638491415566
2026-05-18 14:07:00+03:00,4538.85,4539.755,4538.61,4538.835,606,79.0,19.7,1.3,4546.432487314794,4540.951600000001,4535.470712685208
2026-05-18 14:08:00+03:00,4538.84,4538.92,4537.06,4537.66,476,4.3,32.3,63.4,4546.383531183128,4540.775400000001,4535.167268816875
2026-05-18 14:09:00+03:00,4537.655,4538.475,4532.49,4532.53,746,13.7,0.7,85.6,4546.638409925728,4540.3200000000015,4534.001590074275
2026-05-18 14:10:00+03:00,4532.545,4536.385,4529.96,4534.945,1549,22.4,40.2,37.4,4546.403742618158,4539.951200000001,4533.498657381845
2026-05-18 14:11:00+03:00,4534.9,4535.805,4533.45,4535.185,417,26.3,61.6,12.1,4545.508072699167,4539.477600000001,4533.447127300835
2026-05-18 14:12:00+03:00,4535.18,4536.6,4534.315,4535.9,348,30.6,37.9,31.5,4544.310841023193,4539.024000000001,4533.73715897681
2026-05-18 14:13:00+03:00,4535.81,4537.25,4535.55,4536.77,133,28.2,15.3,56.5,4543.33237977474,4538.676800000001,4534.021220225262
2026-05-18 14:14:00+03:00,4536.715,4539.815,4536.7,4539.785,275,1.0,0.5,98.6,4542.850387372119,4538.541400000001,4534.232412627883
2026-05-18 14:15:00+03:00,4539.69,4539.69,4537.78,4538.935,219,0.0,60.5,39.5,4542.479821160975,4538.415400000001,4534.3509788390265
2026-05-18 14:16:00+03:00,4538.91,4539.64,4537.11,4537.155,332,28.9,1.8,69.4,4542.1365951466505,4538.242800000001,4534.349004853351
2026-05-18 14:17:00+03:00,4537.16,4538.385,4536.76,4537.41,253,60.0,24.6,15.4,4541.919717679574,4538.121000000001,4534.322282320428
2026-05-18 14:18:00+03:00,4537.29,4540.1,4536.92,4539.46,402,20.1,11.6,68.2,4542.024993304498,4538.201800000001,4534.378606695504
2026-05-18 14:19:00+03:00,4539.455,4539.865,4538.62,4539.245,518,32.9,50.2,16.9,4542.008301918388,4538.194200000001,4534.380098081614
2026-05-18 14:20:00+03:00,4539.265,4540.09,4537.67,4538.225,541,34.1,22.9,43.0,4542.027464190782,4538.2368000000015,4534.446135809221
2026-05-18 14:21:00+03:00,4538.175,4539.355,4537.0,4537.665,385,50.1,28.2,21.7,4542.001228959339,4538.2052,4534.409171040662
2026-05-18 14:22:00+03:00,4537.74,4538.14,4531.8,4533.47,724,6.3,26.3,67.4,4542.16307544868,4537.970800000001,4533.778524551322
2026-05-18 14:23:00+03:00,4533.475,4536.265,4533.345,4536.17,476,3.3,4.5,92.3,4541.920470368507,4537.7992,4533.6779296314935
2026-05-18 14:24:00+03:00,4536.23,4536.51,4535.33,4536.19,419,23.7,72.9,3.4,4541.64169899236,4537.627,4533.612301007641
2026-05-18 14:25:00+03:00,4536.165,4537.32,4535.865,4536.84,362,33.0,20.6,46.4,4541.499174152191,4537.530200000001,4533.561225847811
2026-05-18 14:26:00+03:00,4536.835,4537.06,4535.105,4535.51,377,11.5,20.7,67.8,4541.192467321906,4537.3330000000005,4533.473532678095
2026-05-18 14:27:00+03:00,4535.465,4537.45,4534.68,4535.58,379,67.5,28.3,4.2,4540.985552719365,4537.175200000001,4533.364847280636
2026-05-18 14:28:00+03:00,4535.585,4537.12,4535.215,4537.115,198,0.3,19.4,80.3,4540.766447790292,4537.078800000001,4533.391152209711
2026-05-18 14:29:00+03:00,4537.105,4537.965,4536.115,4536.115,335,46.5,0.0,53.5,4540.635870718629,4536.981000000002,4533.326129281374
2026-05-18 14:30:00+03:00,4536.11,4538.31,4535.77,4538.18,449,5.1,13.4,81.5,4540.547517024528,4536.949200000002,4533.350882975476
2026-05-18 14:31:00+03:00,4538.24,4540.565,4537.165,4539.965,456,17.6,31.6,50.7,4540.710329224148,4536.993600000002,4533.276870775855
2026-05-18 14:32:00+03:00,4539.955,4540.795,4538.315,4539.21,481,33.9,36.1,30.0,4540.757819131631,4537.008600000002,4533.259380868373
2026-05-18 14:33:00+03:00,4539.29,4545.045,4538.335,4543.175,919,27.9,14.2,57.9,4541.687676578636,4537.229200000002,4532.770723421368
2026-05-18 14:34:00+03:00,4543.195,4545.55,4541.62,4541.95,1536,59.9,8.4,31.7,4542.004028644376,4537.606000000002,4533.207971355627
2026-05-18 14:35:00+03:00,4541.94,4547.775,4541.94,4545.57,1019,37.8,0.0,62.2,4543.287924571242,4538.031000000002,4532.7740754287615
2026-05-18 14:36:00+03:00,4545.545,4546.14,4543.045,4543.815,612,19.2,24.9,55.9,4543.963273845424,4538.376200000002,4532.789126154581
2026-05-18 14:37:00+03:00,4543.86,4545.44,4542.725,4544.02,470,52.3,41.8,5.9,4544.609363555751,4538.701000000003,4532.792636444255
2026-05-18 14:38:00+03:00,4544.02,4547.44,4543.885,4546.4,935,29.3,3.8,66.9,4545.659066815334,4539.0862000000025,4532.513333184671
2026-05-18 14:39:00+03:00,4546.405,4555.705,4546.21,4555.705,2135,0.0,2.1,97.9,4548.979992597531,4539.723000000002,4530.466007402472
2026-05-18 14:40:00+03:00,4555.93,4560.25,4551.7,4552.4,1996,50.5,8.2,41.3,4550.756608990388,4540.261600000002,4529.766591009616
2026-05-18 14:41:00+03:00,4552.405,4567.17,4552.375,4566.66,2420,3.4,0.2,96.4,4556.088630884696,4541.441800000002,4526.794969115309
2026-05-18 14:42:00+03:00,4566.65,4566.885,4558.09,4564.19,1974,2.7,69.4,28.0,4559.546373356931,4542.513000000003,4525.479626643074
2026-05-18 14:43:00+03:00,4564.2,4566.34,4561.005,4561.16,1703,40.1,2.9,57.0,4561.854345120341,4543.381000000002,4524.907654879663
2026-05-18 14:44:00+03:00,4561.215,4564.72,4560.96,4562.025,1270,71.7,6.8,21.5,4564.0614209402975,4544.292200000002,4524.522979059706
2026-05-18 14:45:00+03:00,4562.02,4564.595,4559.4,4560.11,1454,49.6,13.7,36.8,4565.707792231648,4545.167600000002,4524.627407768356
2026-05-18 14:46:00+03:00,4560.225,4562.77,4558.225,4560.445,1239,51.2,44.0,4.8,4567.21918661356,4546.078800000002,4524.938413386444
2026-05-18 14:47:00+03:00,4560.51,4562.385,4558.855,4560.46,1198,53.1,45.5,1.4,4568.369428585716,4547.158400000003,4525.9473714142905
2026-05-18 14:48:00+03:00,4560.48,4562.4,4556.32,4557.105,1201,31.6,12.9,55.5,4569.057926325796,4547.995800000002,4526.933673674209
2026-05-18 14:49:00+03:00,4557.12,4557.265,4555.105,4555.49,1009,6.7,17.8,75.5,4569.453906655793,4548.767800000002,4528.081693344212
2026-05-18 14:50:00+03:00,4555.635,4556.075,4552.755,4553.45,1164,13.3,20.9,65.8,4569.603798661189,4549.432200000003,4529.260601338817
2026-05-18 14:51:00+03:00,4553.505,4554.96,4552.15,4552.67,820,51.8,18.5,29.7,4569.500904405957,4550.1186000000025,4530.736295594048
2026-05-18 14:52:00+03:00,4552.675,4555.775,4551.47,4555.73,851,1.0,28.0,71.0,4569.479757970288,4550.924600000002,4532.369442029716
2026-05-18 14:53:00+03:00,4555.705,4555.945,4552.48,4553.57,891,6.9,31.5,61.6,4569.279349735282,4551.582800000003,4533.886250264724
2026-05-18 14:54:00+03:00,4553.58,4554.66,4551.66,4551.68,678,36.0,0.7,63.3,4568.7383491403725,4552.205400000003,4535.672450859633
2026-05-18 14:55:00+03:00,4551.685,4554.155,4550.45,4554.055,891,2.7,33.3,64.0,4568.358098775077,4552.840400000003,4537.322701224928
2026-05-18 14:56:00+03:00,4554.065,4555.05,4552.3,4553.915,878,35.8,58.7,5.5,4568.000253774951,4553.398400000003,4538.796546225055
2026-05-18 14:57:00+03:00,4553.925,4555.1,4552.825,4553.435,681,51.6,26.8,21.5,4567.372980662313,4553.967400000002,4540.561819337691
2026-05-18 14:58:00+03:00,4553.425,4553.46,4551.61,4552.09,546,1.9,25.9,72.2,4567.017649432487,4554.324000000002,4541.630350567518
2026-05-18 14:59:00+03:00,4552.085,4552.92,4549.62,4550.885,551,25.3,38.3,36.4,4566.429230952274,4554.681400000002,4542.93356904773
2026-05-18 15:00:00+03:00,4550.925,4551.97,4549.56,4551.87,570,4.1,56.6,39.2,4566.146755149956,4554.933400000002,4543.720044850047
2026-05-18 15:01:00+03:00,4551.88,4552.755,4550.53,4551.785,685,39.3,56.4,4.3,4565.603034584105,4555.252200000002,4544.901365415898
2026-05-18 15:02:00+03:00,4551.735,4551.785,4548.205,4548.805,723,1.4,16.8,81.8,4565.110962209524,4555.443600000002,4545.776237790481
2026-05-18 15:03:00+03:00,4548.81,4550.36,4548.68,4549.535,561,49.1,7.7,43.2,4564.83695381643,4555.569000000002,4546.301046183575
2026-05-18 15:04:00+03:00,4549.53,4551.0,4547.41,4551.0,535,0.0,59.1,40.9,4564.8195739329085,4555.380800000003,4545.942026067097
2026-05-18 15:05:00+03:00,4551.09,4553.855,4551.09,4553.77,523,3.1,0.0,96.9,4564.820266349462,4555.4356000000025,4546.050933650543
2026-05-18 15:06:00+03:00,4553.745,4555.97,4553.175,4553.28,697,79.6,3.8,16.6,4563.116951544685,4554.900400000002,4546.683848455319
2026-05-18 15:07:00+03:00,4553.255,4555.485,4553.255,4554.1,663,62.1,0.0,37.9,4561.787560108362,4554.496800000003,4547.206039891643
2026-05-18 15:08:00+03:00,4554.105,4555.19,4552.07,4552.635,681,34.8,18.1,47.1,4560.948512961947,4554.155800000002,4547.3630870380575
2026-05-18 15:09:00+03:00,4552.725,4556.77,4552.725,4555.79,912,24.2,0.0,75.8,4559.940598876406,4553.906400000003,4547.8722011236
2026-05-18 15:10:00+03:00,4555.785,4556.175,4552.485,4553.985,791,10.6,40.7,48.8,4559.139985591952,4553.661400000003,4548.182814408054
2026-05-18 15:11:00+03:00,4553.995,4554.005,4551.73,4552.29,657,0.4,24.6,74.9,4558.081507594287,4553.335200000002,4548.588892405717
2026-05-18 15:12:00+03:00,4552.33,4555.035,4551.5,4553.13,834,53.9,23.5,22.6,4556.792768445676,4553.042000000002,4549.291231554328
2026-05-18 15:13:00+03:00,4553.08,4554.33,4552.535,4552.795,659,69.6,14.5,15.9,4556.233803221471,4552.869600000002,4549.5053967785325
2026-05-18 15:14:00+03:00,4552.75,4554.385,4552.57,4553.67,626,39.4,9.9,50.7,4556.006243410687,4552.796800000002,4549.587356589317
2026-05-18 15:15:00+03:00,4553.65,4553.915,4552.01,4552.085,634,13.9,3.9,82.2,4555.951779500819,4552.742200000002,4549.532620499186
2026-05-18 15:16:00+03:00,4552.09,4555.36,4547.32,4549.195,1087,40.7,23.3,36.0,4556.101271328595,4552.603200000001,4549.105128671407
2026-05-18 15:17:00+03:00,4549.205,4550.665,4548.415,4549.98,771,30.4,35.1,34.4,4555.773433962447,4552.373200000002,4548.972966037557
2026-05-18 15:18:00+03:00,4549.99,4550.34,4547.72,4547.955,552,13.4,9.0,77.7,4555.924035887998,4552.148600000001,4548.373164112005
2026-05-18 15:19:00+03:00,4547.81,4549.225,4547.235,4547.565,586,71.1,16.6,12.3,4556.163941624199,4551.984000000001,4547.804058375804
2026-05-18 15:20:00+03:00,4547.49,4548.28,4545.36,4548.28,792,0.0,72.9,27.1,4556.085131112052,4551.7530000000015,4547.420868887951
2026-05-18 15:21:00+03:00,4548.33,4551.125,4548.325,4550.58,563,19.5,0.2,80.4,4555.882046167473,4551.619600000002,4547.3571538325305
2026-05-18 15:22:00+03:00,4550.57,4551.555,4549.395,4551.205,538,16.2,54.4,29.4,4555.730020851296,4551.530400000002,4547.330779148709
2026-05-18 15:23:00+03:00,4551.085,4553.6,4549.98,4552.805,500,22.0,30.5,47.5,4555.783142035511,4551.559000000003,4547.334857964494
2026-05-18 15:24:00+03:00,4552.81,4553.945,4551.42,4551.675,464,45.0,10.1,45.0,4555.805911434577,4551.590600000003,4547.375288565429
2026-05-18 15:25:00+03:00,4551.69,4553.475,4551.37,4553.05,392,20.2,15.2,64.6,4555.890825342041,4551.637800000003,4547.384774657965
2026-05-18 15:26:00+03:00,4553.025,4554.755,4552.325,4554.62,603,5.6,28.8,65.6,4556.162127587657,4551.751200000002,4547.340272412348
2026-05-18 15:27:00+03:00,4554.635,4554.76,4552.785,4553.465,605,6.3,34.4,59.2,4556.226938518168,4551.937600000002,4547.648261481836
2026-05-18 15:28:00+03:00,4553.48,4555.0,4552.67,4553.005,508,65.2,14.4,20.4,4556.26925822496,4552.076400000003,4547.883541775045
2026-05-18 15:29:00+03:00,4552.955,4552.955,4549.8,4550.655,643,0.0,27.1,72.9,4556.271777700482,4552.062600000002,4547.853422299522
2026-05-18 15:30:00+03:00,4550.65,4553.32,4550.305,4552.91,600,13.6,11.4,75.0,4556.194841690857,4552.0282000000025,4547.861558309148
2026-05-18 15:31:00+03:00,4552.895,4554.81,4551.765,4554.67,592,4.6,37.1,58.3,4556.3516418669415,4552.083800000002,4547.815958133063
2026-05-18 15:32:00+03:00,4554.64,4556.23,4553.095,4554.775,716,46.4,49.3,4.3,4556.437456605452,4552.110800000002,4547.784143394552
2026-05-18 15:33:00+03:00,4554.79,4555.805,4554.01,4554.96,553,47.1,43.5,9.5,4556.669252518164,4552.203800000002,4547.73834748184
2026-05-18 15:34:00+03:00,4554.975,4562.595,4554.61,4562.01,1975,7.3,4.6,88.1,4558.198970758809,4552.452600000002,4546.706229241196
2026-05-18 15:35:00+03:00,4561.94,4562.32,4558.155,4560.385,2164,9.1,53.5,37.3,4559.224011585006,4552.708600000002,4546.193188414997
2026-05-18 15:36:00+03:00,4560.385,4563.185,4558.75,4562.265,1521,20.7,36.9,42.4,4560.617441071299,4553.107600000002,4545.597758928705
2026-05-18 15:37:00+03:00,4562.265,4562.895,4558.5,4558.765,894,14.3,6.0,79.6,4561.16341505667,4553.333000000002,4545.502584943335
2026-05-18 15:38:00+03:00,4558.76,4560.77,4558.58,4558.92,605,84.5,8.2,7.3,4561.703473521265,4553.578000000002,4545.45252647874
2026-05-18 15:39:00+03:00,4559.105,4562.31,4558.92,4561.575,994,21.7,5.5,72.9,4562.603640704014,4553.8942000000025,4545.184759295991
2026-05-18 15:40:00+03:00,4561.51,4561.7,4558.61,4559.285,701,6.1,21.8,72.0,4563.106805570523,4554.182200000002,4545.257594429481
2026-05-18 15:41:00+03:00,4559.27,4564.395,4558.675,4564.26,1139,2.4,10.4,87.2,4564.29618579865,4554.784800000001,4545.273414201352
2026-05-18 15:42:00+03:00,4564.32,4567.415,4563.305,4565.76,811,40.3,24.7,35.0,4565.636167904514,4555.416000000001,4545.195832095488
2026-05-18 15:43:00+03:00,4565.7,4569.625,4565.61,4569.155,1137,11.7,2.2,86.1,4567.348691785513,4556.264000000001,4545.179308214489
2026-05-18 15:44:00+03:00,4569.14,4569.835,4567.37,4569.585,946,10.1,71.8,18.1,4568.808906814794,4557.144800000002,4545.48069318521
2026-05-18 15:45:00+03:00,4569.555,4572.32,4568.12,4572.32,930,0.0,34.2,65.8,4570.621391495386,4558.1064000000015,4545.591408504617
2026-05-18 15:46:00+03:00,4572.2,4573.3,4569.145,4570.135,1280,26.5,23.8,49.7,4571.860267129981,4558.888600000001,4545.916932870021
2026-05-18 15:47:00+03:00,4570.14,4572.09,4568.54,4569.235,963,54.9,19.6,25.5,4572.795598262341,4559.609800000001,4546.4240017376615
2026-05-18 15:48:00+03:00,4569.23,4572.32,4568.595,4572.3,812,0.5,17.0,82.4,4574.166053220324,4560.389600000001,4546.613146779679
2026-05-18 15:49:00+03:00,4572.315,4575.065,4570.96,4572.245,1134,67.0,31.3,1.7,4575.2630108384765,4561.212400000001,4547.161789161526
2026-05-18 15:50:00+03:00,4572.18,4574.235,4571.46,4572.37,1106,67.2,25.9,6.8,4576.278189464449,4561.985200000001,4547.692210535553
2026-05-18 15:51:00+03:00,4572.38,4572.73,4567.6,4568.83,890,6.8,24.0,69.2,4576.7597272743415,4562.553600000001,4548.347472725661
2026-05-18 15:52:00+03:00,4568.835,4568.93,4564.075,4564.43,842,2.0,7.3,90.7,4576.717777897728,4562.992200000001,4549.266622102273
2026-05-18 15:53:00+03:00,4564.445,4565.565,4563.565,4563.85,629,56.0,14.3,29.7,4576.5331516346505,4563.426000000001,4550.318848365352
2026-05-18 15:54:00+03:00,4563.835,4564.665,4562.76,4563.345,586,43.6,30.7,25.7,4575.9615712395625,4563.933600000001,4551.90562876044
2026-05-18 15:55:00+03:00,4563.4,4565.3,4562.735,4564.96,655,13.3,25.9,60.8,4575.572131473959,4564.415600000001,4553.259068526043
2026-05-18 15:56:00+03:00,4564.965,4566.075,4564.29,4565.57,709,28.3,37.8,33.9,4575.2787164614765,4564.851600000002,4554.424483538527
2026-05-18 15:57:00+03:00,4565.565,4566.065,4563.74,4565.97,672,4.1,78.5,17.4,4574.884635025897,4565.299400000002,4555.714164974106
2026-05-18 15:58:00+03:00,4565.965,4566.245,4564.015,4565.42,617,12.6,63.0,24.4,4574.324443515188,4565.717800000001,4557.111156484814
2026-05-18 15:59:00+03:00,4565.455,4572.555,4565.455,4571.425,915,15.9,0.0,84.1,4574.841908131007,4566.094400000002,4557.346891868997
2026-05-18 16:00:00+03:00,4571.43,4575.685,4571.295,4575.645,1428,0.9,3.1,96.0,4575.892140190045,4566.704800000002,4557.517459809959
2026-05-18 16:01:00+03:00,4575.54,4576.845,4569.86,4572.23,1518,18.7,33.9,47.4,4576.350142869593,4567.103400000002,4557.856657130411
2026-05-18 16:02:00+03:00,4572.235,4574.09,4564.675,4567.17,1720,19.7,26.5,53.8,4576.037635550104,4567.4396000000015,4558.841564449899
2026-05-18 16:03:00+03:00,4567.205,4567.82,4564.6,4566.97,1682,19.1,73.6,7.3,4575.631376979586,4567.761600000002,4559.891823020417
2026-05-18 16:04:00+03:00,4567.055,4567.935,4565.05,4565.39,1048,30.5,11.8,57.7,4575.438581527842,4567.914200000002,4560.389818472162
2026-05-18 16:05:00+03:00,4565.455,4566.695,4564.485,4565.62,867,48.6,43.9,7.5,4574.89719975878,4568.167600000002,4561.438000241224
2026-05-18 16:06:00+03:00,4565.625,4566.25,4563.78,4563.93,829,25.3,6.1,68.6,4574.91582606978,4568.154400000002,4561.392973930224
2026-05-18 16:07:00+03:00,4563.96,4568.595,4563.32,4568.54,1259,1.0,12.1,86.8,4574.956930698304,4568.2656000000015,4561.574269301699
2026-05-18 16:08:00+03:00,4568.55,4568.705,4564.21,4565.705,1014,3.4,33.3,63.3,4574.8818751579975,4568.127600000002,4561.373324842006
2026-05-18 16:09:00+03:00,4565.695,4565.95,4562.665,4563.73,838,7.8,32.4,59.8,4574.832795774393,4567.893400000002,4560.95400422561
2026-05-18 16:10:00+03:00,4563.74,4565.335,4561.975,4562.72,1391,47.5,22.2,30.4,4574.488832248407,4567.509400000002,4560.529967751597
2026-05-18 16:11:00+03:00,4562.76,4566.25,4562.075,4565.22,969,24.7,16.4,58.9,4574.262151090218,4567.312800000002,4560.363448909787
2026-05-18 16:12:00+03:00,4565.235,4566.34,4565.235,4565.84,545,45.2,0.0,54.8,4574.103442085192,4567.1770000000015,4560.250557914811
2026-05-18 16:13:00+03:00,4565.845,4566.945,4565.27,4566.105,637,50.1,34.3,15.5,4573.540903971875,4566.929200000001,4560.317496028128
2026-05-18 16:14:00+03:00,4566.11,4569.68,4566.11,4567.805,723,52.5,0.0,47.5,4573.011787674593,4566.751600000001,4560.49141232541
2026-05-18 16:15:00+03:00,4567.8,4568.65,4565.675,4568.255,634,13.3,71.4,15.3,4572.45151906993,4566.587000000002,4560.722480930074
2026-05-18 16:16:00+03:00,4568.26,4568.35,4565.535,4566.73,577,3.2,42.5,54.4,4572.296329262401,4566.5030000000015,4560.709670737602
2026-05-18 16:17:00+03:00,4566.72,4567.31,4565.08,4566.895,553,18.6,73.5,7.8,4572.33403313972,4566.601600000002,4560.869166860283
2026-05-18 16:18:00+03:00,4566.9,4567.115,4564.045,4565.355,565,7.0,42.7,50.3,4572.308350008261,4566.661800000002,4561.015249991742
2026-05-18 16:19:00+03:00,4565.39,4566.275,4565.03,4566.21,462,5.2,28.9,65.9,4572.263062748895,4566.776400000002,4561.289737251108
2026-05-18 16:20:00+03:00,4566.22,4569.13,4565.61,4568.875,518,7.2,17.3,75.4,4572.426827805496,4566.933000000002,4561.439172194508
2026-05-18 16:21:00+03:00,4568.89,4569.755,4568.325,4569.19,443,39.5,39.5,21.0,4572.610979971505,4567.077800000002,4561.544620028499
2026-05-18 16:22:00+03:00,4569.2,4569.705,4568.21,4568.68,429,33.8,31.4,34.8,4572.734483537822,4567.186200000001,4561.63791646218
2026-05-18 16:23:00+03:00,4568.675,4571.755,4568.445,4571.475,571,8.5,6.9,84.6,4573.172327378039,4567.428400000002,4561.684472621964
2026-05-18 16:24:00+03:00,4571.44,4573.21,4570.75,4573.0,662,8.5,28.0,63.4,4573.440182407023,4567.491400000002,4561.542617592981
2026-05-18 16:25:00+03:00,4572.96,4573.48,4571.415,4571.755,561,25.2,16.5,58.4,4572.585819181309,4567.335800000002,4562.085780818695
2026-05-18 16:26:00+03:00,4571.695,4576.4,4571.225,4575.305,927,21.2,9.1,69.8,4573.275240340076,4567.458800000001,4561.642359659927
2026-05-18 16:27:00+03:00,4575.475,4576.345,4574.485,4575.595,660,40.3,53.2,6.5,4574.425656514694,4567.795800000002,4561.165943485309
2026-05-18 16:28:00+03:00,4575.545,4576.44,4573.085,4574.7,814,26.7,48.1,25.2,4575.252750973698,4568.105000000001,4560.957249026304
2026-05-18 16:29:00+03:00,4574.695,4575.115,4571.765,4572.1,605,12.5,10.0,77.5,4575.596723178486,4568.373400000001,4561.150076821516
2026-05-18 16:30:00+03:00,4572.31,4572.86,4567.23,4571.705,1574,9.8,79.5,10.7,4575.862651158956,4568.616800000002,4561.370948841047
2026-05-18 16:31:00+03:00,4571.7,4574.2,4571.37,4573.85,1011,12.4,11.7,76.0,4576.2758175758445,4569.013600000002,4561.75138242416
2026-05-18 16:32:00+03:00,4573.855,4574.75,4571.745,4573.795,1190,29.8,68.2,2.0,4576.719469828539,4569.2238000000025,4561.728130171466
2026-05-18 16:33:00+03:00,4573.77,4579.395,4573.35,4578.72,1512,11.2,6.9,81.9,4577.963177678268,4569.744400000002,4561.525622321737
2026-05-18 16:34:00+03:00,4578.725,4579.905,4576.875,4578.565,1158,38.9,55.8,5.3,4578.870127266075,4570.337800000003,4561.805472733931
2026-05-18 16:35:00+03:00,4578.595,4578.61,4574.455,4575.195,1679,0.4,17.8,81.8,4578.978940197144,4570.836800000003,4562.694659802862
2026-05-18 16:36:00+03:00,4575.145,4575.51,4572.405,4572.885,1535,11.8,15.5,72.8,4578.9882646710885,4571.143400000003,4563.298535328917
2026-05-18 16:37:00+03:00,4572.98,4573.665,4570.88,4571.28,1377,24.6,14.4,61.0,4578.901246676804,4571.361000000003,4563.820753323202
2026-05-18 16:38:00+03:00,4571.285,4577.105,4571.285,4576.885,1359,3.8,0.0,96.2,4579.3137578553615,4571.792200000003,4564.270642144644
2026-05-18 16:39:00+03:00,4576.88,4576.96,4573.225,4573.685,1173,2.1,12.3,85.5,4579.4018250554345,4572.027400000003,4564.652974944571
2026-05-18 16:40:00+03:00,4573.605,4575.45,4572.545,4575.345,1036,3.6,36.5,59.9,4579.628411014633,4572.311000000002,4564.993588985372
2026-05-18 16:41:00+03:00,4575.45,4575.75,4572.48,4573.02,976,9.2,16.5,74.3,4579.518756475926,4572.562600000002,4565.606443524078
2026-05-18 16:42:00+03:00,4573.035,4573.275,4565.365,4565.955,1720,3.0,7.5,89.5,4579.612217222736,4572.525000000002,4565.437782777269
2026-05-18 16:43:00+03:00,4565.945,4574.89,4564.81,4573.15,1991,17.3,11.3,71.5,4579.292560761589,4572.836800000002,4566.381039238415
2026-05-18 16:44:00+03:00,4573.17,4574.98,4566.105,4566.465,1797,20.4,4.1,75.5,4579.261521649291,4572.847000000002,4566.432478350712
2026-05-18 16:45:00+03:00,4566.48,4572.56,4563.835,4571.97,1737,6.8,30.3,62.9,4579.19041071178,4572.970800000002,4566.751189288224
2026-05-18 16:46:00+03:00,4571.945,4572.52,4569.54,4569.96,1295,19.3,14.1,66.6,4579.153269505884,4573.001600000002,4566.849930494121
2026-05-18 16:47:00+03:00,4570.03,4573.875,4568.815,4573.475,1616,7.9,24.0,68.1,4579.087765931496,4573.193400000002,4567.299034068508
2026-05-18 16:48:00+03:00,4573.46,4576.48,4572.935,4572.935,1198,85.2,0.0,14.8,4579.105698446693,4573.251800000002,4567.397901553311
2026-05-18 16:49:00+03:00,4572.845,4576.3,4572.685,4574.315,1409,54.9,4.4,40.7,4579.171918942625,4573.304400000002,4567.436881057379
2026-05-18 16:50:00+03:00,4574.285,4576.95,4573.13,4576.77,1612,4.7,30.2,65.1,4579.488675790135,4573.505000000002,4567.521324209869
2026-05-18 16:51:00+03:00,4576.8,4579.29,4576.135,4577.81,1109,46.9,21.1,32.0,4579.786712743939,4573.605200000002,4567.423687256065
2026-05-18 16:52:00+03:00,4577.855,4580.645,4577.64,4578.585,1285,68.6,7.2,24.3,4580.165928768174,4573.724800000002,4567.283671231829
2026-05-18 16:53:00+03:00,4578.515,4580.94,4578.09,4580.01,967,32.6,14.9,52.5,4580.827491767109,4573.937200000001,4567.046908232894
2026-05-18 16:54:00+03:00,4579.92,4584.165,4579.645,4583.47,1201,15.4,6.1,78.5,4582.179720075763,4574.392000000002,4566.6042799242405
2026-05-18 16:55:00+03:00,4583.46,4584.375,4581.6,4581.695,974,33.0,3.4,63.6,4583.000624164657,4574.791600000001,4566.582575835346
2026-05-18 16:56:00+03:00,4581.635,4584.215,4581.235,4583.635,863,19.5,13.4,67.1,4584.079424000407,4575.183000000001,4566.286575999595
2026-05-18 16:57:00+03:00,4583.625,4583.92,4580.18,4580.18,909,7.9,0.0,92.1,4584.525335553508,4575.438400000001,4566.351464446494
2026-05-18 16:58:00+03:00,4580.2,4580.765,4576.88,4577.58,790,14.5,18.0,67.4,4584.424681789611,4575.3928000000005,4566.36091821039
2026-05-18 16:59:00+03:00,4577.645,4579.06,4574.995,4575.75,672,34.8,18.6,46.6,4584.220811379415,4575.280200000001,4566.339588620587
2026-05-18 17:00:00+03:00,4575.63,4575.63,4571.57,4573.37,1270,0.0,44.3,55.7,4584.1791492111015,4575.207200000001,4566.2352507889
2026-05-18 17:01:00+03:00,4573.41,4574.665,4570.15,4570.455,909,27.8,6.8,65.4,4584.231875244252,4575.1100000000015,4565.988124755751
2026-05-18 17:02:00+03:00,4570.465,4571.68,4569.15,4569.75,1415,48.0,23.7,28.3,4584.29235657906,4575.048800000001,4565.805243420943
2026-05-18 17:03:00+03:00,4569.825,4570.07,4566.015,4566.455,1334,6.0,10.9,83.1,4584.430793729199,4574.6316000000015,4564.832406270804
2026-05-18 17:04:00+03:00,4566.48,4568.335,4564.515,4565.5,1331,48.6,25.8,25.7,4584.734628822208,4574.304200000001,4563.873771177795
2026-05-18 17:05:00+03:00,4565.53,4567.555,4560.95,4561.835,1374,30.7,13.4,55.9,4585.267249317913,4573.7638000000015,4562.26035068209
2026-05-18 17:06:00+03:00,4561.865,4564.575,4560.24,4564.195,1675,8.8,37.5,53.7,4585.510068631222,4573.4108000000015,4561.311531368781
2026-05-18 17:07:00+03:00,4564.185,4564.895,4560.18,4560.475,1715,15.1,6.3,78.7,4586.000950557648,4573.191600000002,4560.382249442356
2026-05-18 17:08:00+03:00,4560.465,4564.755,4559.575,4564.47,1611,5.5,17.2,77.3,4586.102137457367,4572.844400000003,4559.586662542639
2026-05-18 17:09:00+03:00,4564.46,4567.22,4563.79,4566.905,876,9.2,19.5,71.3,4586.086943097365,4572.862000000003,4559.63705690264
2026-05-18 17:10:00+03:00,4566.935,4569.615,4565.82,4569.13,971,12.8,29.4,57.8,4586.05060454327,4572.748400000002,4559.446195456734
2026-05-18 17:11:00+03:00,4569.105,4569.285,4566.885,4568.065,892,7.5,49.2,43.3,4586.058828478959,4572.672600000003,4559.286371521046
2026-05-18 17:12:00+03:00,4568.125,4568.57,4566.93,4567.995,580,27.1,64.9,7.9,4585.958832007954,4572.453400000002,4558.9479679920505
2026-05-18 17:13:00+03:00,4568.0,4569.905,4564.52,4565.305,1706,35.4,14.6,50.0,4585.938157759855,4572.148200000001,4558.358242240148
2026-05-18 17:14:00+03:00,4565.29,4565.34,4561.93,4564.345,1936,1.5,70.8,27.7,4585.839039972096,4571.7494000000015,4557.659760027907
2026-05-18 17:15:00+03:00,4564.36,4567.99,4562.295,4567.71,1548,4.9,36.3,58.8,4585.407352062944,4571.3870000000015,4557.36664793706
2026-05-18 17:16:00+03:00,4567.72,4569.09,4566.585,4566.95,987,54.7,14.6,30.7,4584.822156046886,4570.952600000001,4557.083043953116
2026-05-18 17:17:00+03:00,4566.945,4567.995,4563.845,4563.875,885,25.3,0.7,74.0,4584.136416575613,4570.364200000002,4556.591983424391
2026-05-18 17:18:00+03:00,4563.87,4565.675,4563.255,4564.07,1128,66.3,25.4,8.3,4583.124357041381,4569.726600000002,4556.328842958623
2026-05-18 17:19:00+03:00,4564.05,4566.775,4563.985,4566.245,663,19.0,2.3,78.7,4581.257235385623,4569.0376000000015,4556.81796461438
2026-05-18 17:20:00+03:00,4566.185,4567.275,4561.775,4561.81,608,19.8,0.6,79.5,4579.622595101751,4568.242200000001,4556.86180489825
2026-05-18 17:21:00+03:00,4561.8,4562.47,4557.35,4557.785,1137,13.1,8.5,78.4,4577.446516612664,4567.208200000001,4556.969883387338
2026-05-18 17:22:00+03:00,4557.775,4558.27,4554.82,4557.18,1750,14.3,68.4,17.2,4575.806870026308,4566.288200000001,4556.769529973693
2026-05-18 17:23:00+03:00,4557.235,4557.835,4554.915,4557.53,1126,10.4,79.5,10.1,4574.425130265318,4565.4862,4556.547269734682
2026-05-18 17:24:00+03:00,4557.58,4559.515,4556.77,4559.445,989,2.6,29.5,67.9,4573.030773514281,4564.834,4556.637226485719
2026-05-18 17:25:00+03:00,4559.53,4560.575,4557.79,4560.125,1150,16.2,62.5,21.4,4571.916963327044,4564.3042000000005,4556.691436672957
2026-05-18 17:26:00+03:00,4560.1,4560.625,4558.045,4560.61,1033,0.6,79.7,19.8,4571.222322824938,4563.910400000001,4556.598477175064
2026-05-18 17:27:00+03:00,4560.53,4563.495,4558.86,4562.945,889,11.9,36.0,52.1,4570.556351131482,4563.6382,4556.720048868519
2026-05-18 17:28:00+03:00,4562.885,4563.255,4560.21,4560.755,1006,12.2,17.9,70.0,4570.317691285445,4563.410200000001,4556.502708714557
2026-05-18 17:29:00+03:00,4560.79,4561.89,4559.245,4561.655,783,8.9,58.4,32.7,4570.142107818892,4563.256400000001,4556.37069218111
2026-05-18 17:30:00+03:00,4561.565,4563.175,4558.495,4559.075,1003,34.4,12.4,53.2,4570.205632854473,4563.146000000001,4556.086367145528
2026-05-18 17:31:00+03:00,4559.07,4559.915,4556.96,4557.96,938,28.6,33.8,37.6,4570.225766785656,4562.896600000001,4555.567433214346
2026-05-18 17:32:00+03:00,4557.95,4558.69,4555.48,4556.18,1084,23.1,21.8,55.1,4570.462913198341,4562.724800000001,4554.986686801661
2026-05-18 17:33:00+03:00,4556.19,4556.565,4546.91,4547.745,1655,3.9,8.6,87.5,4571.725543608879,4562.055800000001,4552.386056391123
2026-05-18 17:34:00+03:00,4547.73,4549.855,4545.115,4549.64,1773,4.5,55.2,40.3,4571.971717045848,4561.365200000001,4550.758682954154
2026-05-18 17:35:00+03:00,4549.635,4550.865,4543.255,4544.69,1864,16.2,18.9,65.0,4572.367525916979,4560.387600000001,4548.407674083023
2026-05-18 17:36:00+03:00,4544.7,4547.875,4544.7,4547.045,1429,26.1,0.0,73.9,4572.185789164107,4559.5468,4546.9078108358935
2026-05-18 17:37:00+03:00,4546.98,4550.39,4546.105,4548.38,1485,46.9,20.4,32.7,4571.63906734639,4558.762200000001,4545.885332653612
2026-05-18 17:38:00+03:00,4548.32,4549.625,4547.245,4549.62,1140,0.2,45.2,54.6,4571.202418140228,4558.134800000001,4545.067181859774
2026-05-18 17:39:00+03:00,4549.63,4549.63,4545.955,4546.67,1436,0.0,19.5,80.5,4570.978565905981,4557.427800000001,4543.877034094022
2026-05-18 17:40:00+03:00,4546.65,4547.53,4538.82,4542.35,2004,10.1,40.5,49.4,4570.518925646027,4556.413400000001,4542.307874353975
2026-05-18 17:41:00+03:00,4542.48,4547.265,4541.01,4545.775,1275,23.8,23.5,52.7,4569.582145294815,4555.566400000001,4541.550654705186
2026-05-18 17:42:00+03:00,4545.81,4547.875,4544.825,4547.695,1302,5.9,32.3,61.8,4568.834437024845,4554.9192,4541.003962975155
2026-05-18 17:43:00+03:00,4547.665,4549.57,4545.41,4546.375,1531,45.8,23.2,31.0,4567.992274143933,4554.2114,4540.430525856067
2026-05-18 17:44:00+03:00,4546.39,4548.26,4546.16,4547.875,978,18.3,11.0,70.7,4566.5535858069225,4553.4766,4540.3996141930775
2026-05-18 17:45:00+03:00,4547.885,4548.32,4541.445,4541.84,1185,6.3,5.7,87.9,4566.05724754682,4552.6778,4539.298352453181
2026-05-18 17:46:00+03:00,4541.87,4543.85,4541.01,4542.92,1298,32.7,30.3,37.0,4565.818425045781,4552.0832,4538.347974954219
2026-05-18 17:47:00+03:00,4542.93,4543.48,4539.295,4541.57,1024,13.1,54.4,32.5,4565.623012164533,4551.4588,4537.294587835468
2026-05-18 17:48:00+03:00,4541.585,4541.825,4537.81,4539.52,1119,6.0,42.6,51.4,4565.416856246194,4550.7384,4536.059943753807
2026-05-18 17:49:00+03:00,4539.575,4543.525,4538.51,4543.21,1034,6.3,21.2,72.5,4564.604843206025,4550.089000000001,4535.5731567939765
2026-05-18 17:50:00+03:00,4543.225,4544.61,4541.285,4544.35,1053,7.8,58.3,33.8,4563.538888890718,4549.458000000001,4535.377111109285
2026-05-18 17:51:00+03:00,4544.355,4545.515,4542.695,4544.7,1114,28.9,58.9,12.2,4562.251970275175,4548.821600000001,4535.391229724827
2026-05-18 17:52:00+03:00,4544.705,4548.315,4544.495,4548.27,815,1.2,5.5,93.3,4560.3643148903375,4548.234600000002,4536.104885109666
2026-05-18 17:53:00+03:00,4548.275,4548.605,4542.81,4544.755,982,5.7,33.6,60.7,4558.655663933914,4547.594600000001,4536.533536066088
2026-05-18 17:54:00+03:00,4544.86,4545.8,4541.65,4541.955,858,22.7,7.3,70.0,4556.466879380796,4546.806600000002,4537.146320619208
2026-05-18 17:55:00+03:00,4541.92,4544.125,4541.355,4543.295,824,30.0,20.4,49.6,4554.519150674182,4546.175400000002,4537.831649325822
2026-05-18 17:56:00+03:00,4543.255,4546.165,4543.205,4545.105,847,35.8,1.7,62.5,4552.482021227495,4545.661200000001,4538.840378772507
2026-05-18 17:57:00+03:00,4545.155,4545.37,4543.855,4545.255,805,7.6,85.8,6.6,4550.52353028016,4545.2242000000015,4539.924869719843
2026-05-18 17:58:00+03:00,4545.28,4546.25,4543.75,4544.48,820,38.8,29.2,32.0,4550.298076929778,4545.093600000002,4539.889123070226
2026-05-18 17:59:00+03:00,4544.49,4547.36,4544.215,4546.53,709,26.4,8.7,64.9,4549.873039048942,4544.969200000001,4540.065360951061
2026-05-18 18:00:00+03:00,4546.555,4547.94,4545.845,4547.8,851,6.7,33.9,59.4,4550.11907630596,4545.093600000002,4540.068123694044
2026-05-18 18:01:00+03:00,4547.815,4548.02,4538.315,4540.64,1909,2.1,24.0,73.9,4550.086886920854,4544.837400000001,4539.587913079148
2026-05-18 18:02:00+03:00,4540.615,4540.68,4532.665,4535.31,2004,0.8,33.0,66.2,4550.557936232875,4544.3146000000015,4538.071263767128
2026-05-18 18:03:00+03:00,4535.26,4536.7,4533.14,4534.36,1831,40.4,34.3,25.3,4550.692789370103,4543.704200000002,4536.715610629901
2026-05-18 18:04:00+03:00,4534.37,4537.78,4531.85,4537.57,1818,3.5,42.5,54.0,4550.615059984844,4543.3402000000015,4536.065340015159
2026-05-18 18:05:00+03:00,4537.575,4538.885,4534.225,4536.16,1115,28.1,41.5,30.4,4550.888132627023,4543.092600000001,4535.297067372979
2026-05-18 18:06:00+03:00,4536.195,4537.22,4533.94,4536.385,1511,25.5,68.7,5.8,4550.85662455888,4542.7170000000015,4534.577375441123
2026-05-18 18:07:00+03:00,4536.39,4538.875,4535.465,4536.95,939,56.5,27.1,16.4,4550.464670549854,4542.287200000002,4534.109729450149
2026-05-18 18:08:00+03:00,4537.06,4544.595,4537.06,4544.025,1201,7.6,0.0,92.4,4550.233427297746,4542.1932000000015,4534.152972702257
2026-05-18 18:09:00+03:00,4544.01,4544.01,4536.61,4536.89,1160,0.0,3.8,96.2,4549.7041168617625,4541.753800000001,4533.80348313824
2026-05-18 18:10:00+03:00,4536.905,4542.66,4536.56,4541.55,1367,18.2,5.7,76.1,4549.692826175591,4541.7422000000015,4533.791573824412
2026-05-18 18:11:00+03:00,4541.6,4542.955,4539.735,4541.165,1157,42.1,44.4,13.5,4549.610771690415,4541.672000000001,4533.733228309588
2026-05-18 18:12:00+03:00,4541.175,4542.45,4540.165,4541.465,764,43.1,44.2,12.7,4549.606894193758,4541.667800000001,4533.728705806244
2026-05-18 18:13:00+03:00,4541.46,4542.225,4539.235,4539.275,696,25.6,1.3,73.1,4549.608271942517,4541.658000000001,4533.707728057486
2026-05-18 18:14:00+03:00,4539.285,4540.935,4538.73,4540.735,554,9.1,25.2,65.8,4549.491120521192,4541.559000000001,4533.62687947881
2026-05-18 18:15:00+03:00,4540.71,4542.745,4539.675,4539.94,1001,66.3,8.6,25.1,4549.25451875763,4541.382600000001,4533.510681242372
2026-05-18 18:16:00+03:00,4539.93,4541.355,4538.96,4541.225,968,5.4,40.5,54.1,4548.998145257528,4541.243600000001,4533.489054742473
2026-05-18 18:17:00+03:00,4541.25,4541.62,4540.35,4540.485,601,29.1,10.6,60.2,4548.138996834593,4540.932200000001,4533.725403165409
2026-05-18 18:18:00+03:00,4540.495,4540.785,4535.445,4535.555,694,5.4,2.1,92.5,4547.891157173415,4540.564200000001,4533.237242826586
2026-05-18 18:19:00+03:00,4535.57,4536.82,4534.395,4536.71,704,4.5,48.5,47.0,4547.809299231841,4540.3544,4532.89950076816
2026-05-18 18:20:00+03:00,4536.705,4540.635,4535.805,4537.605,1160,62.7,18.6,18.6,4547.556083075929,4540.126800000001,4532.697516924073
2026-05-18 18:21:00+03:00,4537.61,4538.8,4536.115,4538.455,897,12.8,55.7,31.5,4547.029706013892,4539.8608,4532.691893986109
2026-05-18 18:22:00+03:00,4538.5,4540.565,4537.005,4539.88,688,19.2,42.0,38.8,4546.468760456437,4539.645800000001,4532.822839543565
2026-05-18 18:23:00+03:00,4539.855,4540.215,4537.79,4538.94,680,14.8,47.4,37.7,4545.958490274588,4539.424200000001,4532.889909725414
2026-05-18 18:24:00+03:00,4538.965,4539.89,4538.19,4539.125,669,45.0,45.6,9.4,4544.983045002981,4539.128000000001,4533.27295499702
2026-05-18 18:25:00+03:00,4539.04,4539.315,4536.905,4537.405,672,11.4,20.7,67.8,4543.406070110252,4538.712200000001,4534.01832988975
2026-05-18 18:26:00+03:00,4537.475,4539.29,4537.22,4538.84,595,21.7,12.3,65.9,4543.268338699857,4538.640200000001,4534.0120613001445
2026-05-18 18:27:00+03:00,4538.855,4539.515,4535.73,4538.26,762,17.4,66.8,15.7,4543.186818638529,4538.7582,4534.329581361471
2026-05-18 18:28:00+03:00,4538.255,4540.075,4537.625,4540.075,421,0.0,25.7,74.3,4543.0593911931965,4538.986800000001,4534.914208806805
2026-05-18 18:29:00+03:00,4539.995,4540.455,4534.63,4534.715,701,7.9,1.5,90.6,4543.246658181001,4538.8726,4534.498541818998
2026-05-18 18:30:00+03:00,4534.7,4536.33,4534.17,4534.37,782,75.5,9.3,15.3,4543.402990006346,4538.801,4534.199009993653
2026-05-18 18:31:00+03:00,4534.405,4540.04,4534.405,4539.135,748,16.1,0.0,83.9,4543.406979536315,4538.911,4534.415020463685
2026-05-18 18:32:00+03:00,4539.125,4540.605,4538.745,4539.42,643,63.7,20.4,15.9,4543.437096674487,4539.0098,4534.582503325512
2026-05-18 18:33:00+03:00,4539.405,4540.27,4538.13,4539.3,412,40.4,54.7,4.9,4542.751091264076,4538.8208,4534.890508735925
2026-05-18 18:34:00+03:00,4539.31,4541.585,4538.75,4540.975,541,21.5,19.8,58.7,4542.919477044546,4538.984200000001,4535.048922955456
2026-05-18 18:35:00+03:00,4540.98,4542.2,4538.295,4539.035,677,31.2,19.0,49.8,4542.677411297904,4538.8836,4535.0897887020965
2026-05-18 18:36:00+03:00,4539.03,4542.03,4538.67,4540.86,648,34.8,10.7,54.5,4542.637648548492,4538.871400000001,4535.10515145151
2026-05-18 18:37:00+03:00,4540.835,4541.895,4540.085,4541.81,709,4.7,41.4,53.9,4542.6916739353255,4538.885200000001,4535.078726064676
2026-05-18 18:38:00+03:00,4541.855,4542.3,4539.78,4540.355,649,17.7,22.8,59.5,4542.775882001528,4538.928400000001,4535.0809179984735
2026-05-18 18:39:00+03:00,4540.335,4542.205,4540.19,4541.97,596,11.7,7.2,81.1,4542.946598385536,4538.977800000001,4535.009001614465
2026-05-18 18:40:00+03:00,4542.0,4544.46,4541.755,4544.185,549,10.2,9.1,80.8,4543.60027211552,4539.1476,4534.69492788448
2026-05-18 18:41:00+03:00,4544.175,4544.21,4543.03,4543.9,425,3.0,73.7,23.3,4544.01943445255,4539.2546,4534.489765547451
2026-05-18 18:42:00+03:00,4543.865,4543.865,4542.355,4542.865,515,0.0,33.8,66.2,4544.300635470475,4539.3498,4534.398964529525
2026-05-18 18:43:00+03:00,4542.87,4543.305,4540.215,4540.92,980,14.1,22.8,63.1,4544.299055483675,4539.5644,4534.829744516325
2026-05-18 18:44:00+03:00,4540.915,4542.36,4538.685,4538.755,782,39.3,1.9,58.8,4544.2496120233245,4539.6462,4535.042787976676
2026-05-18 18:45:00+03:00,4538.815,4539.385,4538.14,4539.2,563,14.9,54.2,30.9,4544.242144747561,4539.71,4535.177855252439
2026-05-18 18:46:00+03:00,4539.16,4540.895,4538.805,4540.855,486,1.9,17.0,81.1,4544.329409336048,4539.806,4535.282590663951
2026-05-18 18:47:00+03:00,4540.865,4541.875,4539.725,4541.785,536,4.2,53.0,42.8,4544.471727281544,4539.8822,4535.292672718456
2026-05-18 18:48:00+03:00,4541.805,4543.14,4540.905,4542.98,474,7.2,40.3,52.6,4544.771662336992,4540.0438,4535.315937663007
2026-05-18 18:49:00+03:00,4542.99,4543.725,4541.22,4541.255,611,29.3,1.4,69.3,4544.864324278171,4540.129,4535.393675721829
2026-05-18 18:50:00+03:00,4541.22,4542.78,4540.745,4542.08,481,34.4,23.3,42.3,4544.974885707467,4540.316,4535.657114292532
2026-05-18 18:51:00+03:00,4542.07,4542.875,4540.645,4541.0,551,36.1,15.9,48.0,4545.028590765234,4540.4024,4535.776209234766
2026-05-18 18:52:00+03:00,4540.995,4542.325,4539.785,4540.12,546,52.4,13.2,34.4,4545.021893952786,4540.4768,4535.931706047215
2026-05-18 18:53:00+03:00,4540.13,4541.855,4539.835,4541.855,492,0.0,14.6,85.4,4545.121366377303,4540.548,4535.974633622696
2026-05-18 18:54:00+03:00,4541.825,4544.525,4541.775,4544.245,606,10.2,1.8,88.0,4545.061687563716,4540.9292,4536.796712436283
2026-05-18 18:55:00+03:00,4544.25,4545.815,4544.145,4544.99,781,49.4,6.3,44.3,4544.833993104811,4541.354,4537.874006895189
2026-05-18 18:56:00+03:00,4545.02,4545.765,4544.095,4544.415,562,44.6,19.2,36.2,4545.120935066917,4541.5652,4538.009464933083
2026-05-18 18:57:00+03:00,4544.37,4547.045,4544.105,4545.75,599,44.0,9.0,46.9,4545.62004671725,4541.8184,4538.01675328275
2026-05-18 18:58:00+03:00,4545.77,4545.965,4542.35,4543.045,829,5.4,19.2,75.4,4545.654486892408,4541.9682,4538.281913107593
2026-05-18 18:59:00+03:00,4543.025,4543.79,4542.305,4543.71,475,5.4,48.5,46.1,4545.801633427204,4542.0776000000005,4538.353566572797
2026-05-18 19:00:00+03:00,4543.715,4544.6,4541.665,4541.95,755,30.2,9.7,60.1,4545.7063875615495,4542.1942,4538.68201243845
2026-05-18 19:01:00+03:00,4542.0,4542.485,4540.3,4541.27,756,22.2,44.4,33.4,4545.70147876667,4542.2106,4538.71972123333
2026-05-18 19:02:00+03:00,4541.36,4542.305,4540.71,4542.11,651,12.2,40.8,47.0,4545.709948703125,4542.2226,4538.735251296876
2026-05-18 19:03:00+03:00,4541.985,4542.71,4540.325,4540.405,488,30.4,3.4,66.2,4545.707716902107,4542.2246000000005,4538.741483097894
2026-05-18 19:04:00+03:00,4540.41,4541.995,4540.295,4541.69,245,17.9,6.8,75.3,4545.701516648124,4542.213400000001,4538.725283351877
2026-05-18 19:05:00+03:00,4541.715,4542.875,4541.425,4541.985,527,61.4,20.0,18.6,4545.519862455255,4542.125400000001,4538.730937544747
2026-05-18 19:06:00+03:00,4542.02,4544.545,4541.98,4544.08,551,18.1,1.6,80.3,4545.542815381666,4542.132600000001,4538.722384618336
2026-05-18 19:07:00+03:00,4544.06,4544.175,4541.225,4542.44,675,3.9,41.2,54.9,4545.5152627111775,4542.115600000001,4538.7159372888245
2026-05-18 19:08:00+03:00,4542.535,4543.535,4541.985,4543.52,377,1.0,35.5,63.5,4545.62566860894,4542.2196,4538.813531391061
2026-05-18 19:09:00+03:00,4543.53,4544.58,4542.985,4543.635,384,59.2,34.2,6.6,4545.553091865895,4542.4148000000005,4539.276508134106
2026-05-18 19:10:00+03:00,4543.655,4545.65,4542.895,4544.865,416,28.5,27.6,43.9,4545.633130630224,4542.6414,4539.649669369777
2026-05-18 19:11:00+03:00,4544.825,4547.99,4544.675,4547.33,723,19.9,4.5,75.6,4546.319289779385,4542.900400000001,4539.481510220618
2026-05-18 19:12:00+03:00,4547.305,4548.0,4546.515,4547.265,628,46.8,50.5,2.7,4546.90714687721,4543.119600000001,4539.332053122792
2026-05-18 19:13:00+03:00,4547.205,4548.71,4547.055,4548.71,474,0.0,9.1,90.9,4547.722891243028,4543.348800000002,4538.974708756975
2026-05-18 19:14:00+03:00,4548.765,4549.12,4547.785,4548.82,531,22.5,73.4,4.1,4548.432028840297,4543.651400000002,4538.870771159706
2026-05-18 19:15:00+03:00,4548.815,4549.31,4547.83,4549.15,452,10.8,66.6,22.6,4549.128134676666,4543.934200000001,4538.740265323335
2026-05-18 19:16:00+03:00,4549.11,4550.495,4548.5,4550.27,444,11.3,30.6,58.1,4549.915012475135,4544.305000000001,4538.694987524867
2026-05-18 19:17:00+03:00,4550.265,4550.27,4547.215,4548.405,532,0.2,39.0,60.9,4550.196998900422,4544.636400000001,4539.0758010995805
2026-05-18 19:18:00+03:00,4548.375,4548.64,4546.735,4547.375,438,13.9,33.6,52.5,4550.396825314117,4544.857200000001,4539.317574685885
2026-05-18 19:19:00+03:00,4547.365,4548.585,4546.985,4547.3,477,76.2,19.7,4.1,4550.593891474933,4544.979400000002,4539.364908525071
2026-05-18 19:20:00+03:00,4547.315,4549.695,4547.315,4549.47,573,9.5,0.0,90.5,4551.042520812122,4545.158600000002,4539.274679187881
2026-05-18 19:21:00+03:00,4549.5,4550.82,4549.18,4549.805,600,61.9,19.5,18.6,4551.522400175931,4545.374200000002,4539.225999824073
2026-05-18 19:22:00+03:00,4549.63,4549.885,4545.91,4546.53,993,6.4,15.6,78.0,4551.568809393098,4545.4054000000015,4539.241990606905
2026-05-18 19:23:00+03:00,4546.5,4546.895,4544.98,4545.735,804,20.6,39.4,39.9,4551.60128777013,4545.513000000002,4539.424712229874
2026-05-18 19:24:00+03:00,4545.74,4546.515,4544.625,4545.955,677,29.6,59.0,11.4,4551.6481387509575,4545.6028000000015,4539.557461249045
2026-05-18 19:25:00+03:00,4545.96,4546.995,4543.435,4544.335,901,29.1,25.3,45.6,4551.583097195769,4545.698200000002,4539.813302804234
2026-05-18 19:26:00+03:00,4544.35,4544.595,4539.61,4539.88,1168,4.9,5.4,89.7,4551.71700934695,4545.642600000002,4539.5681906530535
2026-05-18 19:27:00+03:00,4539.895,4541.205,4538.935,4540.81,944,17.4,42.3,40.3,4551.805710179675,4545.590600000001,4539.375489820328
2026-05-18 19:28:00+03:00,4540.76,4540.895,4534.42,4534.96,1763,2.1,8.3,89.6,4552.598927636173,4545.372800000002,4538.146672363831
2026-05-18 19:29:00+03:00,4534.98,4537.715,4533.915,4537.235,1151,12.6,28.0,59.3,4552.973778833984,4545.194600000002,4537.41542116602
2026-05-18 19:30:00+03:00,4537.245,4537.745,4534.325,4536.83,1444,14.6,73.2,12.1,4553.348540531909,4544.988400000002,4536.628259468095
2026-05-18 19:31:00+03:00,4536.835,4541.045,4536.825,4540.905,883,3.3,0.2,96.4,4553.368060221385,4544.861400000002,4536.354739778618
2026-05-18 19:32:00+03:00,4540.825,4541.2,4539.19,4540.915,1024,14.2,81.3,4.5,4553.397034651162,4544.800400000002,4536.203765348841
2026-05-18 19:33:00+03:00,4540.89,4541.915,4540.135,4540.475,994,57.6,19.1,23.3,4553.429253239119,4544.678600000002,4535.927946760885
2026-05-18 19:34:00+03:00,4540.45,4540.96,4539.21,4539.85,540,29.1,36.6,34.3,4553.473620992341,4544.527200000002,4535.580779007663
2026-05-18 19:35:00+03:00,4539.75,4542.825,4539.525,4542.045,587,23.6,6.8,69.5,4553.411905572471,4544.4144000000015,4535.4168944275325
2026-05-18 19:36:00+03:00,4542.03,4544.08,4541.775,4544.055,532,1.1,11.1,87.9,4553.202313258629,4544.283400000002,4535.364486741375
2026-05-18 19:37:00+03:00,4544.065,4544.66,4542.69,4543.5,626,30.2,41.1,28.7,4552.972036199392,4544.132800000002,4535.293563800612
2026-05-18 19:38:00+03:00,4543.505,4544.975,4542.965,4542.965,725,73.1,0.0,26.9,4552.5509444923255,4543.903000000002,4535.255055507679
2026-05-18 19:39:00+03:00,4542.945,4544.46,4542.68,4544.4,680,3.4,14.9,81.7,4552.142442048893,4543.726200000001,4535.309957951109
2026-05-18 19:40:00+03:00,4544.405,4545.03,4543.775,4544.315,601,49.8,43.0,7.2,4551.658818004651,4543.532800000002,4535.4067819953525
2026-05-18 19:41:00+03:00,4544.295,4544.585,4543.63,4543.655,503,30.4,2.6,67.0,4550.916214580021,4543.268200000001,4535.620185419982
2026-05-18 19:42:00+03:00,4543.615,4544.23,4541.99,4542.24,533,27.5,11.2,61.4,4550.383403972104,4543.021600000002,4535.6597960279
2026-05-18 19:43:00+03:00,4542.245,4543.62,4541.95,4543.14,629,28.7,17.7,53.6,4549.9972178878525,4542.852200000001,4535.70718211215
2026-05-18 19:44:00+03:00,4543.15,4543.405,4542.225,4543.35,548,4.7,78.4,16.9,4549.609820392327,4542.694200000002,4535.778579607677
2026-05-18 19:45:00+03:00,4543.345,4544.745,4542.915,4544.745,601,0.0,23.5,76.5,4548.909105981665,4542.505200000001,4536.101294018338
2026-05-18 19:46:00+03:00,4544.75,4545.495,4544.395,4544.83,505,60.5,32.3,7.3,4548.067313277888,4542.306200000002,4536.545086722116
2026-05-18 19:47:00+03:00,4544.815,4546.545,4544.81,4546.495,499,2.9,0.3,96.8,4548.061822477382,4542.304800000002,4536.547777522622
2026-05-18 19:48:00+03:00,4546.48,4547.29,4545.305,4546.77,517,26.2,59.2,14.6,4548.215095143782,4542.346200000002,4536.477304856222
2026-05-18 19:49:00+03:00,4546.78,4548.88,4546.69,4548.32,678,25.6,4.1,70.3,4548.607986505059,4542.440800000002,4536.2736134949455
2026-05-18 19:50:00+03:00,4548.35,4552.475,4548.305,4552.365,766,2.6,1.1,96.3,4550.02875938498,4542.7620000000015,4535.495240615023
2026-05-18 19:51:00+03:00,4552.345,4553.09,4551.19,4552.09,844,39.2,47.4,13.4,4551.278136873238,4543.250400000002,4535.222663126766
2026-05-18 19:52:00+03:00,4552.15,4553.43,4551.875,4551.99,743,82.3,7.4,10.3,4552.352807501481,4543.697600000002,4535.042392498523
2026-05-18 19:53:00+03:00,4552.02,4553.475,4550.835,4553.45,706,0.9,44.9,54.2,4553.139312881248,4544.437200000001,4535.735087118755
2026-05-18 19:54:00+03:00,4553.465,4554.29,4551.535,4553.125,716,29.9,57.7,12.3,4553.898206992947,4545.072800000002,4536.247393007056
2026-05-18 19:55:00+03:00,4553.11,4554.69,4552.575,4553.345,589,63.6,25.3,11.1,4554.463802380844,4545.733400000001,4537.002997619158
2026-05-18 19:56:00+03:00,4553.26,4553.785,4551.4,4553.26,660,22.0,78.0,0.0,4555.204057705605,4546.227600000001,4537.251142294397
2026-05-18 19:57:00+03:00,4553.265,4553.41,4552.435,4552.435,393,14.9,0.0,85.1,4555.709305814127,4546.688400000002,4537.667494185876
2026-05-18 19:58:00+03:00,4552.54,4553.035,4551.77,4552.5,514,39.1,57.7,3.2,4556.095666549773,4547.169400000002,4538.24313345023
2026-05-18 19:59:00+03:00,4552.515,4552.96,4549.665,4550.21,546,13.5,16.5,70.0,4556.0631151974085,4547.583800000001,4539.104484802594
2026-05-18 20:00:00+03:00,4550.04,4551.66,4548.09,4548.515,711,45.4,11.9,42.7,4556.019463026031,4547.842600000001,4539.6657369739705
2026-05-18 20:01:00+03:00,4548.525,4551.965,4547.92,4551.935,648,0.7,15.0,84.3,4556.333861190768,4548.157800000002,4539.981738809235
2026-05-18 20:02:00+03:00,4552.165,4552.655,4551.43,4552.2,448,37.1,60.0,2.9,4556.599417571666,4548.505800000002,4540.4121824283375
2026-05-18 20:03:00+03:00,4552.225,4555.39,4552.225,4555.29,439,3.2,0.0,96.8,4557.183324067189,4548.998800000001,4540.814275932814
2026-05-18 20:04:00+03:00,4555.365,4557.21,4555.305,4556.78,527,22.6,3.1,74.3,4557.997483989153,4549.4940000000015,4540.99051601085
2026-05-18 20:05:00+03:00,4556.775,4556.775,4554.7,4555.16,668,0.0,22.2,77.8,4558.436710188895,4549.927800000001,4541.418889811108
2026-05-18 20:06:00+03:00,4555.165,4558.29,4555.165,4557.32,767,31.0,0.0,69.0,4559.056586347211,4550.474400000002,4541.892213652793
2026-05-18 20:07:00+03:00,4557.31,4557.795,4555.94,4557.445,649,18.9,73.9,7.3,4559.39522418916,4551.082600000002,4542.769975810843
2026-05-18 20:08:00+03:00,4557.44,4557.97,4554.89,4555.125,582,17.2,7.6,75.2,4559.353110315751,4551.562000000002,4543.770889684252
2026-05-18 20:09:00+03:00,4555.12,4556.395,4554.88,4556.255,509,9.2,15.8,74.9,4559.314878727856,4552.078200000001,4544.841521272146
2026-05-18 20:10:00+03:00,4556.305,4556.755,4555.6,4556.275,564,39.0,58.4,2.6,4559.301993180304,4552.5394000000015,4545.776806819699
2026-05-18 20:11:00+03:00,4556.265,4556.52,4555.22,4555.965,549,19.6,57.3,23.1,4559.09275577997,4552.984800000001,4546.876844220033
2026-05-18 20:12:00+03:00,4555.935,4556.23,4555.38,4555.95,426,32.9,65.3,1.8,4558.966835111748,4553.363000000001,4547.759164888254
2026-05-18 20:13:00+03:00,4555.955,4556.785,4555.38,4555.945,460,59.1,40.2,0.7,4558.727605821978,4553.730000000001,4548.732394178025
2026-05-18 20:14:00+03:00,4555.925,4556.5,4553.035,4553.255,550,16.6,6.3,77.1,4558.418880926011,4553.927400000001,4549.435919073992
2026-05-18 20:15:00+03:00,4553.23,4553.745,4552.04,4553.69,450,3.2,69.8,27.0,4558.42793946727,4553.980400000001,4549.532860532732
2026-05-18 20:16:00+03:00,4553.725,4555.465,4553.535,4554.83,525,32.9,9.8,57.3,4558.4804751416095,4554.090000000001,4549.699524858393
2026-05-18 20:17:00+03:00,4554.8,4554.9,4553.445,4553.68,403,6.9,16.2,77.0,4558.46796992611,4554.157600000001,4549.847230073893
2026-05-18 20:18:00+03:00,4553.685,4555.74,4553.395,4555.64,402,4.3,12.4,83.4,4558.583412050717,4554.245200000001,4549.906987949285
2026-05-18 20:19:00+03:00,4555.635,4555.77,4554.305,4554.7,427,9.2,27.0,63.8,4558.625204401419,4554.308200000001,4549.991195598584
2026-05-18 20:20:00+03:00,4554.935,4555.405,4553.815,4554.69,433,29.6,55.0,15.4,4558.663143100911,4554.362000000001,4550.060856899091
2026-05-18 20:21:00+03:00,4554.685,4554.82,4554.045,4554.22,461,17.4,22.6,60.0,4558.67858364646,4554.400400000001,4550.122216353543
2026-05-18 20:22:00+03:00,4554.225,4554.605,4552.455,4554.42,546,8.6,82.3,9.1,4558.682138845358,4554.479800000002,4550.277461154646
2026-05-18 20:23:00+03:00,4554.43,4555.085,4553.59,4553.68,410,43.8,6.0,50.2,4558.6653513542105,4554.527000000002,4550.388648645793
2026-05-18 20:24:00+03:00,4553.645,4554.215,4553.1,4553.83,484,34.5,48.9,16.6,4558.431849861719,4554.671800000002,4550.911750138285
2026-05-18 20:25:00+03:00,4553.755,4554.21,4553.41,4553.475,557,56.9,8.1,35.0,4557.724093437791,4554.870200000002,4552.016306562214
2026-05-18 20:26:00+03:00,4553.47,4554.04,4553.135,4553.915,490,13.8,37.0,49.2,4557.573735820892,4554.949400000001,4552.325064179111
2026-05-18 20:27:00+03:00,4553.92,4554.0,4552.12,4552.295,512,4.3,9.3,86.4,4557.561828560281,4554.953200000002,4552.344571439722
2026-05-18 20:28:00+03:00,4552.27,4552.75,4551.785,4552.255,421,49.7,48.7,1.6,4557.641192627116,4554.831800000003,4552.02240737289
2026-05-18 20:29:00+03:00,4552.25,4554.745,4552.165,4553.99,736,29.3,3.3,67.4,4557.431098695899,4554.7202000000025,4552.009301304106
2026-05-18 20:30:00+03:00,4553.815,4554.215,4551.815,4552.23,468,16.7,17.3,66.0,4557.476196116294,4554.603000000002,4551.72980388371
2026-05-18 20:31:00+03:00,4552.23,4552.685,4551.915,4552.295,388,50.6,40.9,8.4,4557.188541921785,4554.402000000003,4551.61545807822
2026-05-18 20:32:00+03:00,4552.315,4552.35,4550.045,4550.195,443,1.5,6.5,92.0,4557.074879661185,4554.112000000003,4551.1491203388205
2026-05-18 20:33:00+03:00,4550.195,4550.58,4548.895,4549.645,624,22.8,44.5,32.6,4557.300868149816,4553.892800000003,4550.484731850191
2026-05-18 20:34:00+03:00,4549.795,4550.17,4548.995,4549.015,438,31.9,1.7,66.4,4557.370629750331,4553.603200000003,4549.835770249675
2026-05-18 20:35:00+03:00,4549.065,4549.265,4548.355,4549.105,608,17.6,78.0,4.4,4557.311366334871,4553.316400000003,4549.321433665135
2026-05-18 20:36:00+03:00,4549.125,4550.545,4548.77,4549.68,459,48.7,20.0,31.3,4557.151597591716,4553.065000000003,4548.978402408291
2026-05-18 20:37:00+03:00,4549.73,4550.48,4548.9,4549.06,378,47.5,10.1,42.4,4556.98834587318,4552.789400000003,4548.590454126826
2026-05-18 20:38:00+03:00,4549.065,4549.85,4547.315,4548.1,503,31.0,31.0,38.1,4556.853098191048,4552.475600000004,4548.098101808961
2026-05-18 20:39:00+03:00,4548.105,4549.855,4547.95,4549.675,469,9.4,8.1,82.4,4556.831089677617,4552.332400000004,4547.833710322391
2026-05-18 20:40:00+03:00,4549.68,4550.625,4549.185,4550.535,505,6.3,34.4,59.4,4556.722450002818,4552.206200000004,4547.689949997191
2026-05-18 20:41:00+03:00,4550.56,4551.325,4547.815,4548.66,547,21.8,24.1,54.1,4556.548895224406,4551.959400000004,4547.369904775603
2026-05-18 20:42:00+03:00,4548.67,4548.79,4547.95,4548.06,239,14.3,13.1,72.6,4556.511681033969,4551.734600000004,4546.95751896604
2026-05-18 20:43:00+03:00,4548.055,4549.635,4547.95,4549.27,302,21.7,6.2,72.1,4556.072440600086,4551.479800000005,4546.887159399923
2026-05-18 20:44:00+03:00,4549.145,4549.52,4548.125,4548.225,458,26.9,7.2,65.9,4555.7880605888495,4551.220800000005,4546.65353941116
2026-05-18 20:45:00+03:00,4548.225,4548.7,4547.845,4548.6,453,11.7,44.4,43.9,4555.426449877022,4550.977200000005,4546.527950122988
2026-05-18 20:46:00+03:00,4548.62,4549.415,4547.11,4547.315,346,34.5,8.9,56.6,4555.167993603634,4550.701000000005,4546.234006396375
2026-05-18 20:47:00+03:00,4547.31,4548.96,4547.31,4548.87,443,5.5,0.0,94.5,4554.73109969657,4550.479000000005,4546.22690030344
2026-05-18 20:48:00+03:00,4548.88,4549.765,4548.75,4549.3,407,45.8,12.8,41.4,4554.37080799871,4550.303800000005,4546.2367920013
2026-05-18 20:49:00+03:00,4549.315,4549.335,4546.7,4546.71,425,0.8,0.4,98.9,4554.055473684185,4550.019000000006,4545.982526315826
2026-05-18 20:50:00+03:00,4546.705,4548.09,4546.5,4547.935,381,9.7,12.9,77.4,4553.654931954974,4549.797400000005,4545.939868045036
2026-05-18 20:51:00+03:00,4547.895,4548.435,4547.28,4547.685,454,46.8,35.1,18.2,4553.102544787432,4549.548200000006,4545.99385521258
2026-05-18 20:52:00+03:00,4547.505,4549.145,4547.505,4548.595,401,33.5,0.0,66.5,4552.788996196677,4549.4002000000055,4546.011403803334
2026-05-18 20:53:00+03:00,4548.6,4548.79,4547.615,4548.725,366,5.5,83.8,10.6,4552.448537871829,4549.2590000000055,4546.069462128182
2026-05-18 20:54:00+03:00,4548.73,4549.36,4547.66,4547.76,385,37.1,5.9,57.1,4551.598832959646,4549.009800000005,4546.420767040365
2026-05-18 20:55:00+03:00,4547.825,4547.985,4546.505,4547.48,496,10.8,65.9,23.3,4551.116316426154,4548.819800000005,4546.523283573855
2026-05-18 20:56:00+03:00,4547.49,4547.505,4546.93,4547.145,409,2.6,37.4,60.0,4550.516617398894,4548.6138000000055,4546.710982601117
2026-05-18 20:57:00+03:00,4547.15,4547.18,4545.645,4546.22,376,2.0,37.5,60.6,4550.463880297332,4548.454800000006,4546.44571970268
2026-05-18 20:58:00+03:00,4546.245,4546.715,4546.06,4546.485,306,35.1,28.2,36.6,4550.41805584811,4548.328400000006,4546.238744151901
2026-05-18 20:59:00+03:00,4546.44,4547.39,4546.44,4546.935,300,47.9,0.0,52.1,4550.383936929411,4548.245200000006,4546.1064630706005
2026-05-18 21:00:00+03:00,4546.95,4547.015,4545.47,4546.195,591,4.2,46.9,48.9,4550.381409607204,4548.128800000006,4545.876190392808
2026-05-18 21:01:00+03:00,4546.36,4546.635,4545.38,4545.535,490,21.9,12.4,65.7,4550.3411807768925,4547.963000000006,4545.58481922312
2026-05-18 21:02:00+03:00,4545.525,4545.805,4543.9,4545.24,706,14.7,70.3,15.0,4550.370700661758,4547.810200000006,4545.249699338255
2026-05-18 21:03:00+03:00,4545.19,4546.535,4545.09,4545.285,358,86.5,6.9,6.6,4550.43845255813,4547.697600000007,4544.956747441884
2026-05-18 21:04:00+03:00,4545.29,4546.48,4544.935,4545.775,610,45.6,23.0,31.4,4550.258350552504,4547.541600000006,4544.824849447508
2026-05-18 21:05:00+03:00,4545.835,4547.775,4545.785,4546.565,504,60.8,2.5,36.7,4549.832043238172,4547.382800000006,4544.93355676184
2026-05-18 21:06:00+03:00,4546.585,4546.63,4543.8,4544.1,513,1.6,10.6,87.8,4549.907612433806,4547.200400000006,4544.493187566206
2026-05-18 21:07:00+03:00,4544.095,4545.365,4544.0,4545.355,435,0.7,7.0,92.3,4549.868676980991,4547.092200000006,4544.315723019022
2026-05-18 21:08:00+03:00,4545.405,4546.095,4544.33,4544.54,380,39.1,11.9,49.0,4549.704603792363,4546.903000000006,4544.101396207649
2026-05-18 21:09:00+03:00,4544.535,4545.555,4544.285,4545.15,421,31.9,19.7,48.4,4549.60851901656,4546.780000000005,4543.951480983451
2026-05-18 21:10:00+03:00,4545.145,4545.56,4544.135,4545.36,240,14.0,70.9,15.1,4549.42996385078,4546.650400000005,4543.87083614923
2026-05-18 21:11:00+03:00,4545.31,4546.43,4544.905,4545.44,268,64.9,26.6,8.5,4549.380255647139,4546.575400000005,4543.770544352871
2026-05-18 21:12:00+03:00,4545.435,4546.165,4545.12,4545.41,210,69.9,27.8,2.4,4549.113839894736,4546.437000000005,4543.760160105275
2026-05-18 21:13:00+03:00,4545.4,4545.75,4545.125,4545.325,194,56.0,32.0,12.0,4548.717408093447,4546.278000000005,4543.838591906562
2026-05-18 21:14:00+03:00,4545.28,4545.575,4545.045,4545.35,354,42.5,44.3,13.2,4548.682625012254,4546.223600000005,4543.764574987756
2026-05-18 21:15:00+03:00,4545.36,4545.565,4543.255,4544.08,523,8.9,35.7,55.4,4548.563046807321,4546.069400000005,4543.575753192688
2026-05-18 21:16:00+03:00,4544.085,4544.17,4541.945,4542.145,432,3.8,9.0,87.2,4548.688287358701,4545.847800000006,4543.007312641311
2026-05-18 21:17:00+03:00,4542.16,4543.29,4541.71,4542.82,580,29.7,28.5,41.8,4548.465343285371,4545.616800000005,4542.768256714639
2026-05-18 21:18:00+03:00,4542.83,4543.09,4541.56,4541.945,253,17.0,25.2,57.8,4548.249286343829,4545.345600000005,4542.441913656181
2026-05-18 21:19:00+03:00,4541.925,4542.99,4541.79,4542.755,359,19.6,11.3,69.2,4548.045775001402,4545.145400000006,4542.24502499861
2026-05-18 21:20:00+03:00,4542.77,4542.795,4540.87,4540.885,343,1.3,0.8,97.9,4548.070003611573,4544.881600000005,4541.693196388437
2026-05-18 21:21:00+03:00,4540.86,4542.625,4540.705,4542.455,412,8.9,8.1,83.1,4547.879531008071,4544.694000000006,4541.50846899194
2026-05-18 21:22:00+03:00,4542.45,4542.71,4540.725,4541.18,365,13.1,22.9,64.0,4547.896538770408,4544.492400000006,4541.088261229604
2026-05-18 21:23:00+03:00,4541.185,4542.63,4540.79,4541.745,505,48.1,21.5,30.4,4547.769326856995,4544.302800000006,4540.836273143017
2026-05-18 21:24:00+03:00,4541.74,4542.03,4540.615,4541.28,502,20.5,47.0,32.5,4547.564515936236,4544.076600000006,4540.588684063776
2026-05-18 21:25:00+03:00,4541.295,4541.46,4538.935,4539.16,645,6.5,8.9,84.6,4547.667985514217,4543.795200000006,4539.922414485794
2026-05-18 21:26:00+03:00,4539.15,4539.685,4537.995,4538.515,760,31.7,30.8,37.6,4547.834081744125,4543.5144000000055,4539.194718255886
2026-05-18 21:27:00+03:00,4538.51,4538.965,4536.855,4538.95,813,0.7,78.4,20.9,4547.874026348535,4543.262800000006,4538.651573651477
2026-05-18 21:28:00+03:00,4538.955,4542.475,4538.955,4542.38,690,2.7,0.0,97.3,4547.694105423509,4543.1466000000055,4538.599094576502
2026-05-18 21:29:00+03:00,4542.365,4542.87,4541.55,4541.965,579,38.3,31.4,30.3,4547.433223908019,4542.994200000006,4538.5551760919925
2026-05-18 21:30:00+03:00,4541.96,4542.825,4541.255,4542.205,667,39.5,44.9,15.6,4547.0201366126885,4542.819800000006,4538.619463387323
2026-05-18 21:31:00+03:00,4542.2,4542.725,4541.365,4542.365,434,26.5,61.4,12.1,4546.921063159349,4542.750400000005,4538.579736840662
2026-05-18 21:32:00+03:00,4542.47,4543.965,4542.02,4543.23,511,37.8,23.1,39.1,4546.704818669668,4542.665400000005,4538.625981330342
2026-05-18 21:33:00+03:00,4543.235,4543.545,4540.75,4540.75,530,11.1,0.0,88.9,4546.54489340586,4542.513800000006,4538.482706594153
2026-05-18 21:34:00+03:00,4540.73,4542.89,4540.705,4542.875,348,0.7,1.1,98.2,4546.311956265407,4542.422800000006,4538.533643734605
2026-05-18 21:35:00+03:00,4542.87,4543.52,4542.355,4542.51,333,55.8,13.3,30.9,4546.009398065836,4542.308800000006,4538.608201934177
2026-05-18 21:36:00+03:00,4542.535,4542.645,4541.475,4541.68,353,9.4,17.5,73.1,4545.636690034357,4542.158400000006,4538.680109965654
2026-05-18 21:37:00+03:00,4541.675,4541.675,4539.875,4541.035,472,0.0,64.4,35.6,4545.221649772848,4541.9834000000055,4538.745150227163
2026-05-18 21:38:00+03:00,4541.04,4541.37,4540.715,4540.955,434,50.4,36.6,13.0,4544.766073918285,4541.808600000006,4538.851126081727
2026-05-18 21:39:00+03:00,4540.895,4541.355,4539.375,4539.84,418,23.2,23.5,53.3,4544.26509500727,4541.588200000006,4538.911304992741
2026-05-18 21:40:00+03:00,4539.855,4540.64,4539.63,4540.445,258,19.3,22.3,58.4,4543.952153796873,4541.442800000005,4538.9334462031375
2026-05-18 21:41:00+03:00,4540.395,4541.065,4539.11,4540.165,384,34.3,54.0,11.8,4543.904095233523,4541.363600000004,4538.823104766486
2026-05-18 21:42:00+03:00,4540.17,4541.095,4539.905,4541.06,385,2.9,22.3,74.8,4543.764973237001,4541.293200000004,4538.821426763007
2026-05-18 21:43:00+03:00,4541.06,4541.405,4540.6,4541.405,247,0.0,57.1,42.9,4543.7296117287415,4541.271600000004,4538.813588271266
2026-05-18 21:44:00+03:00,4541.37,4541.68,4540.51,4541.615,386,5.6,73.5,20.9,4543.613529241801,4541.226000000004,4538.838470758207
2026-05-18 21:45:00+03:00,4541.635,4541.985,4541.075,4541.14,480,38.5,7.1,54.4,4543.6199907034015,4541.236200000004,4538.852409296606
2026-05-18 21:46:00+03:00,4541.155,4543.04,4540.935,4542.69,422,16.6,10.5,72.9,4543.650302568382,4541.245600000004,4538.840897431625
2026-05-18 21:47:00+03:00,4542.67,4543.385,4542.285,4543.195,223,17.3,35.0,47.7,4543.8488862855165,4541.326200000005,4538.803513714493
2026-05-18 21:48:00+03:00,4543.2,4543.225,4541.62,4542.025,227,1.6,25.2,73.2,4543.869891420753,4541.337400000005,4538.804908579256
2026-05-18 21:49:00+03:00,4542.085,4542.685,4541.58,4541.81,310,54.3,20.8,24.9,4543.897679366779,4541.358600000004,4538.819520633229
2026-05-18 21:50:00+03:00,4541.815,4541.88,4540.035,4540.73,417,3.5,37.7,58.8,4543.813252010979,4541.421400000004,4539.029547989028
2026-05-18 21:51:00+03:00,4540.685,4541.145,4539.85,4540.42,467,35.5,44.0,20.5,4543.620483142025,4541.497600000004,4539.374716857984
2026-05-18 21:52:00+03:00,4540.41,4541.095,4540.015,4540.065,458,63.4,4.6,31.9,4543.48863482327,4541.542200000004,4539.5957651767385
2026-05-18 21:53:00+03:00,4540.055,4542.3,4539.875,4542.225,414,3.1,7.4,89.5,4543.472683728951,4541.536000000005,4539.599316271058
2026-05-18 21:54:00+03:00,4542.22,4542.22,4540.36,4540.445,417,0.0,4.6,95.4,4543.449270848183,4541.475200000004,4539.501129151826
2026-05-18 21:55:00+03:00,4540.39,4541.05,4540.04,4540.635,311,41.1,34.7,24.3,4543.3894970696,4541.412400000005,4539.435302930409
2026-05-18 21:56:00+03:00,4540.64,4541.415,4540.455,4541.055,241,37.5,19.3,43.2,4543.302466438688,4541.360000000004,4539.417533561321
2026-05-18 21:57:00+03:00,4541.035,4541.935,4540.47,4541.79,268,9.9,38.6,51.5,4543.099615860631,4541.302400000004,4539.505184139377
2026-05-18 21:58:00+03:00,4541.745,4541.745,4535.175,4535.175,1146,0.0,0.0,100.0,4544.077641219455,4541.079400000005,4538.081158780556
2026-05-18 21:59:00+03:00,4535.155,4536.555,4534.375,4535.855,675,32.1,35.8,32.1,4544.337707800298,4540.798600000005,4537.259492199712
2026-05-18 22:00:00+03:00,4535.86,4538.045,4535.335,4537.92,608,4.6,19.4,76.0,4544.254730742736,4540.615000000004,4536.975269257273
2026-05-18 22:01:00+03:00,4537.92,4556.15,4537.91,4552.23,2780,21.5,0.1,78.5,4546.862731187272,4541.037000000005,4535.211268812737
2026-05-18 22:02:00+03:00,4552.205,4557.135,4548.865,4556.71,2753,5.1,40.4,54.5,4550.129783828801,4541.664000000005,4533.198216171209
2026-05-18 22:03:00+03:00,4556.69,4565.07,4556.675,4558.405,2769,79.4,0.2,20.4,4553.061627276923,4542.362000000005,4531.662372723086
2026-05-18 22:04:00+03:00,4558.43,4560.18,4553.345,4553.455,2109,25.6,1.6,72.8,4554.394277468474,4542.906600000005,4531.418922531536
2026-05-18 22:05:00+03:00,4553.525,4558.175,4553.525,4557.81,1979,7.8,0.0,92.2,4556.431054017568,4543.601200000005,4530.771345982442
2026-05-18 22:06:00+03:00,4557.855,4560.155,4552.295,4554.105,2006,29.3,23.0,47.7,4557.542560984856,4544.158800000005,4530.775039015153
2026-05-18 22:07:00+03:00,4554.13,4555.87,4552.985,4554.145,1421,59.8,39.7,0.5,4558.554789105929,4544.682200000005,4530.809610894081
2026-05-18 22:08:00+03:00,4554.17,4555.55,4551.2,4553.05,1159,31.7,42.5,25.7,4559.327762193262,4545.148000000005,4530.968237806747
2026-05-18 22:09:00+03:00,4553.055,4557.425,4552.555,4556.99,1491,8.9,10.3,80.8,4560.595157491132,4545.763000000005,4530.930842508878
2026-05-18 22:10:00+03:00,4557.01,4557.95,4555.07,4555.155,1064,32.6,3.0,64.4,4561.470540681185,4546.323600000005,4531.176659318825
2026-05-18 22:11:00+03:00,4555.145,4558.405,4553.795,4557.805,1160,13.0,29.3,57.7,4562.642739982717,4546.928200000006,4531.213660017294
2026-05-18 22:12:00+03:00,4557.825,4557.925,4554.935,4555.095,845,3.3,5.4,91.3,4563.356693136692,4547.404200000005,4531.451706863319
2026-05-18 22:13:00+03:00,4555.08,4556.74,4554.705,4556.335,689,19.9,18.4,61.7,4564.141475922707,4547.976600000005,4531.811724077304
2026-05-18 22:14:00+03:00,4556.35,4557.01,4553.485,4554.5,613,18.7,28.8,52.5,4564.639602479969,4548.484200000005,4532.328797520042
2026-05-18 22:15:00+03:00,4554.525,4555.48,4552.24,4553.185,645,29.5,29.2,41.4,4564.917248627975,4548.982400000005,4533.047551372036
2026-05-18 22:16:00+03:00,4553.205,4555.72,4552.81,4553.21,644,86.3,13.6,0.2,4565.114554657397,4549.494000000006,4533.873445342615
2026-05-18 22:17:00+03:00,4553.245,4554.475,4551.015,4551.545,637,35.5,15.3,49.1,4565.105967365774,4549.953200000006,4534.800432634239
2026-05-18 22:18:00+03:00,4551.51,4553.495,4551.2,4553.195,730,13.1,13.5,73.4,4565.256778768569,4550.392000000005,4535.527221231441
2026-05-18 22:19:00+03:00,4553.22,4554.0,4551.42,4551.735,903,30.2,12.2,57.6,4565.14757189667,4550.843600000005,4536.539628103339
2026-05-18 22:20:00+03:00,4551.785,4554.475,4551.38,4553.96,829,16.6,13.1,70.3,4565.100545699351,4551.376600000006,4537.652654300661
2026-05-18 22:21:00+03:00,4553.965,4555.435,4552.735,4554.42,966,37.6,45.6,16.9,4565.012337129333,4551.911200000005,4538.810062870677
2026-05-18 22:22:00+03:00,4554.395,4555.94,4553.445,4553.95,933,61.9,20.2,17.8,4564.846227907366,4552.397600000006,4539.948972092646
2026-05-18 22:23:00+03:00,4553.8,4554.795,4552.29,4553.365,693,39.7,42.9,17.4,4563.398543937965,4553.125200000006,4542.851856062047
2026-05-18 22:24:00+03:00,4553.37,4554.025,4549.85,4550.335,912,15.7,11.6,72.7,4561.302016097515,4553.704400000006,4546.106783902497
2026-05-18 22:25:00+03:00,4550.365,4550.45,4546.75,4549.16,1215,2.3,65.1,32.6,4558.665750859404,4554.154000000006,4549.642249140607
2026-05-18 22:26:00+03:00,4549.07,4550.07,4548.59,4549.65,1212,28.4,32.4,39.2,4558.843166142296,4554.050800000006,4549.258433857717
2026-05-18 22:27:00+03:00,4549.61,4550.43,4547.72,4547.89,878,30.3,6.3,63.5,4558.933490408245,4553.698000000006,4548.462509591766
2026-05-18 22:28:00+03:00,4547.885,4549.135,4547.805,4548.28,622,64.3,6.0,29.7,4558.57562054419,4553.293000000006,4548.010379455822
2026-05-18 22:29:00+03:00,4548.31,4552.145,4548.31,4551.79,660,9.3,0.0,90.7,4558.541057093136,4553.226400000005,4547.911742906874
2026-05-18 22:30:00+03:00,4551.795,4552.125,4550.405,4551.49,761,19.2,63.1,17.7,4557.984673736254,4552.973600000006,4547.962526263757
2026-05-18 22:31:00+03:00,4551.495,4555.355,4551.495,4555.355,878,0.0,0.0,100.0,4558.103306683696,4553.023600000006,4547.943893316316
2026-05-18 22:32:00+03:00,4555.395,4556.9,4555.385,4556.54,840,23.8,0.7,75.6,4558.367629645085,4553.119400000005,4547.871170354925
2026-05-18 22:33:00+03:00,4556.645,4557.47,4555.4,4556.43,744,39.9,49.8,10.4,4558.660489306142,4553.254600000006,4547.848710693869
2026-05-18 22:34:00+03:00,4556.38,4557.135,4556.015,4556.455,451,60.7,32.6,6.7,4558.583723608373,4553.233200000005,4547.882676391638
2026-05-18 22:35:00+03:00,4556.47,4558.835,4556.28,4558.8,707,1.4,7.4,91.2,4559.115760744978,4553.379000000005,4547.642239255033
2026-05-18 22:36:00+03:00,4558.85,4559.055,4555.925,4556.68,613,6.5,24.1,69.3,4558.947507268259,4553.334000000005,4547.720492731752
2026-05-18 22:37:00+03:00,4556.675,4557.62,4555.94,4557.12,652,29.8,43.8,26.5,4559.1840941987975,4553.4150000000045,4547.645905801212
2026-05-18 22:38:00+03:00,4557.14,4558.91,4557.12,4558.5,541,22.9,1.1,76.0,4559.503714765193,4553.501600000004,4547.499485234815
2026-05-18 22:39:00+03:00,4558.505,4559.615,4558.37,4559.455,586,12.9,10.8,76.3,4560.132500498749,4553.699800000005,4547.26709950126
2026-05-18 22:40:00+03:00,4559.48,4561.38,4558.87,4558.95,809,75.7,3.2,21.1,4560.67835252159,4553.930400000005,4547.18244747842
2026-05-18 22:41:00+03:00,4558.925,4560.405,4558.35,4558.755,783,72.0,19.7,8.3,4561.150723310535,4554.152200000004,4547.153676689473
2026-05-18 22:42:00+03:00,4558.78,4559.49,4557.86,4557.955,714,43.6,5.8,50.6,4561.475605875363,4554.408600000004,4547.341594124646
2026-05-18 22:43:00+03:00,4557.965,4560.25,4557.965,4559.71,687,23.6,0.0,76.4,4562.013044041836,4554.669200000005,4547.3253559581735
2026-05-18 22:44:00+03:00,4559.655,4560.1,4557.91,4558.23,484,20.3,14.6,65.1,4562.298750598466,4554.929000000005,4547.559249401544
2026-05-18 22:45:00+03:00,4558.185,4559.53,4557.915,4558.615,592,56.7,16.7,26.6,4562.611743454336,4555.115200000004,4547.618656545672
2026-05-18 22:46:00+03:00,4558.63,4561.59,4558.23,4559.535,568,61.2,11.9,26.9,4563.006082047852,4555.319800000005,4547.6335179521575
2026-05-18 22:47:00+03:00,4559.54,4559.99,4558.765,4559.855,462,11.0,63.3,25.7,4563.420250752492,4555.556000000004,4547.691749247516
2026-05-18 22:48:00+03:00,4559.86,4562.83,4559.11,4562.055,748,20.8,20.2,59.0,4564.110486135895,4555.903600000004,4547.696713864114
2026-05-18 22:49:00+03:00,4562.07,4562.98,4561.005,4561.275,572,46.1,13.7,40.3,4564.480108164927,4556.341200000004,4548.202291835082
2026-05-18 22:50:00+03:00,4561.31,4562.165,4559.97,4560.82,878,39.0,38.7,22.3,4564.574846156757,4556.807600000004,4549.04035384325
2026-05-18 22:51:00+03:00,4560.815,4561.335,4560.05,4560.14,559,40.5,7.0,52.5,4564.521419666256,4557.227200000004,4549.932980333752
2026-05-18 22:52:00+03:00,4560.175,4561.13,4559.89,4560.11,539,77.0,17.7,5.2,4564.011259795087,4557.716000000004,4551.420740204921
2026-05-18 22:53:00+03:00,4560.135,4561.81,4560.05,4561.105,681,40.1,4.8,55.1,4563.344581676907,4558.229000000004,4553.113418323101
2026-05-18 22:54:00+03:00,4561.11,4562.695,4560.71,4562.585,695,5.5,20.2,74.3,4563.332589091977,4558.660800000004,4553.989010908032
2026-05-18 22:55:00+03:00,4562.475,4562.475,4560.08,4560.605,788,0.0,21.9,78.1,4562.722886610885,4559.025400000004,4555.327913389123
2026-05-18 22:56:00+03:00,4560.61,4560.995,4559.845,4560.095,494,33.5,21.7,44.8,4562.614289322573,4559.215000000004,4555.815710677434
2026-05-18 22:57:00+03:00,4560.115,4560.645,4559.77,4560.0,328,60.6,26.3,13.1,4562.583298702293,4559.3534000000045,4556.123501297716
2026-05-18 22:58:00+03:00,4560.005,4560.495,4558.325,4558.495,603,22.6,7.8,69.6,4562.461797066133,4559.436000000004,4556.410202933876
2026-05-18 22:59:00+03:00,4558.49,4558.825,4557.5,4558.55,894,20.8,74.7,4.5,4562.318217358714,4559.519800000005,4556.721382641295
2026-05-18 23:00:00+03:00,4558.625,4559.89,4558.24,4559.065,439,50.0,23.3,26.7,4562.319824178241,4559.530400000004,4556.740975821767
2026-05-18 23:01:00+03:00,4559.075,4560.71,4558.97,4560.115,272,34.2,6.0,59.8,4562.20947041655,4559.667800000005,4557.126129583459
2026-05-18 23:02:00+03:00,4560.085,4560.125,4558.08,4558.58,259,2.0,24.4,73.6,4562.092033915248,4559.726200000005,4557.360366084761
2026-05-18 23:03:00+03:00,4558.595,4560.905,4558.14,4560.535,319,13.4,16.5,70.2,4562.138857348271,4559.807600000005,4557.476342651738
2026-05-18 23:04:00+03:00,4560.54,4561.605,4560.225,4560.595,257,73.2,22.8,4.0,4562.199633651239,4559.853200000005,4557.506766348771
2026-05-18 23:05:00+03:00,4560.565,4560.715,4558.915,4559.6,286,8.3,38.1,53.6,4562.199282174621,4559.879200000005,4557.559117825389
2026-05-18 23:06:00+03:00,4559.595,4559.995,4559.26,4559.27,256,54.4,1.4,44.2,4562.188522725872,4559.899800000005,4557.611077274138
2026-05-18 23:07:00+03:00,4559.275,4560.285,4559.275,4560.235,211,5.0,0.0,95.0,4562.139906660012,4559.991000000005,4557.842093339999
2026-05-18 23:08:00+03:00,4560.23,4560.305,4558.89,4559.275,219,5.3,27.2,67.5,4562.138312457112,4559.973600000005,4557.8088875428975
2026-05-18 23:09:00+03:00,4559.275,4559.425,4558.35,4558.8,163,14.0,41.9,44.2,4562.098268695785,4559.9964000000045,4557.894531304224
2026-05-18 23:10:00+03:00,4558.8,4559.525,4558.55,4559.41,161,11.8,25.6,62.6,4562.068666347851,4560.028200000004,4557.987733652158
2026-05-18 23:11:00+03:00,4559.405,4560.67,4559.185,4560.19,155,32.3,14.8,52.9,4562.0856622693545,4560.0544000000045,4558.023137730655
2026-05-18 23:12:00+03:00,4560.095,4560.495,4559.855,4560.21,137,44.5,37.5,18.0,4562.09905118104,4560.068600000005,4558.0381488189705
2026-05-18 23:13:00+03:00,4560.18,4560.88,4560.005,4560.8,112,9.1,20.0,70.9,4561.907028504515,4560.0184000000045,4558.1297714954935
2026-05-18 23:14:00+03:00,4560.825,4563.095,4560.665,4562.29,290,33.1,6.6,60.3,4562.092052840167,4560.059000000005,4558.025947159843
2026-05-18 23:15:00+03:00,4562.275,4564.13,4562.18,4563.58,296,28.2,4.9,66.9,4562.613879992566,4560.169400000004,4557.724920007443
2026-05-18 23:16:00+03:00,4563.575,4565.635,4563.575,4565.28,344,17.2,0.0,82.8,4563.534932888992,4560.375000000005,4557.215067111017
2026-05-18 23:17:00+03:00,4565.275,4566.67,4565.27,4566.65,308,1.4,0.4,98.2,4564.63663770349,4560.636600000004,4556.636562296519
2026-05-18 23:18:00+03:00,4566.59,4566.63,4564.0,4564.865,310,1.5,32.9,65.6,4565.115442660017,4560.787000000005,4556.458557339993
2026-05-18 23:19:00+03:00,4564.86,4564.86,4563.7,4564.28,202,0.0,50.0,50.0,4565.343892080475,4560.854800000005,4556.365707919535
2026-05-18 23:20:00+03:00,4564.275,4564.48,4563.86,4564.075,166,33.1,34.7,32.3,4565.654506783214,4560.993600000004,4556.332693216795
2026-05-18 23:21:00+03:00,4564.08,4564.54,4562.935,4562.935,229,28.7,0.0,71.3,4565.813183481394,4561.107200000004,4556.401216518614
2026-05-18 23:22:00+03:00,4562.945,4566.075,4562.89,4565.645,253,13.5,1.7,84.8,4566.337083920618,4561.333000000004,4556.32891607939
2026-05-18 23:23:00+03:00,4565.64,4566.39,4565.435,4566.065,317,34.0,21.5,44.5,4566.828883603375,4561.635800000005,4556.442716396634
2026-05-18 23:24:00+03:00,4566.095,4566.77,4565.92,4566.62,190,17.6,20.6,61.8,4567.3439998955655,4561.9586000000045,4556.573200104444
2026-05-18 23:25:00+03:00,4566.6,4566.835,4565.615,4566.3,339,19.3,56.1,24.6,4567.756493068939,4562.248000000004,4556.73950693107
2026-05-18 23:26:00+03:00,4566.32,4566.33,4563.93,4563.935,223,0.4,0.2,99.4,4567.875972082659,4562.400800000004,4556.925627917349
2026-05-18 23:27:00+03:00,4563.935,4564.535,4563.6,4563.995,210,57.8,35.8,6.4,4567.895725573325,4562.617400000004,4557.339074426683
2026-05-18 23:28:00+03:00,4564.025,4564.555,4563.495,4563.975,196,50.0,45.3,4.7,4567.988168820293,4562.755000000004,4557.521831179714
2026-05-18 23:29:00+03:00,4563.965,4563.965,4562.81,4563.25,208,0.0,38.1,61.9,4568.0219799932775,4562.861200000004,4557.70042000673
2026-05-18 23:30:00+03:00,4563.22,4564.35,4563.215,4563.965,205,33.9,0.4,65.6,4568.03629811058,4563.035800000003,4558.035301889427
2026-05-18 23:31:00+03:00,4564.01,4564.8,4561.695,4562.145,407,25.4,14.5,60.1,4567.9267863218665,4563.150800000004,4558.374813678141
2026-05-18 23:32:00+03:00,4562.13,4562.905,4561.84,4562.04,288,72.8,18.8,8.5,4567.873409865073,4563.223000000004,4558.572590134934
2026-05-18 23:33:00+03:00,4561.985,4563.345,4561.9,4563.25,254,6.6,5.9,87.5,4567.744502941363,4563.382000000003,4559.019497058644
2026-05-18 23:34:00+03:00,4563.3,4563.305,4562.97,4563.02,117,1.5,14.9,83.6,4567.497858315962,4563.550800000004,4559.603741684045
2026-05-18 23:35:00+03:00,4563.06,4564.315,4563.015,4563.31,217,77.3,3.5,19.2,4567.277207112841,4563.706800000004,4560.136392887166
2026-05-18 23:36:00+03:00,4563.29,4563.675,4562.75,4563.565,176,11.9,58.4,29.7,4567.112772782961,4563.841800000004,4560.570827217047
2026-05-18 23:37:00+03:00,4563.57,4563.62,4562.815,4563.28,134,6.2,57.8,36.0,4566.89360107417,4563.964600000003,4561.035598925836
2026-05-18 23:38:00+03:00,4563.265,4563.515,4563.135,4563.175,124,65.8,10.5,23.7,4566.712966029508,4564.059600000003,4561.406233970499
2026-05-18 23:39:00+03:00,4563.115,4563.445,4562.775,4562.775,85,49.3,0.0,50.7,4566.687033729233,4564.079000000003,4561.470966270774
2026-05-18 23:40:00+03:00,4562.76,4563.82,4562.64,4562.805,152,86.0,10.2,3.8,4566.697122110292,4564.0480000000025,4561.398877889713
2026-05-18 23:41:00+03:00,4562.76,4564.18,4562.465,4564.03,207,8.7,17.2,74.1,4566.598970576083,4563.998000000003,4561.397029423923
2026-05-18 23:42:00+03:00,4563.935,4564.435,4563.72,4563.92,141,69.9,28.0,2.1,4566.253757964978,4563.888800000003,4561.523842035029
2026-05-18 23:43:00+03:00,4563.915,4564.905,4563.815,4564.82,109,7.8,9.2,83.0,4566.249049942193,4563.887000000003,4561.524950057814
2026-05-18 23:44:00+03:00,4564.815,4565.14,4564.55,4564.715,148,55.1,28.0,16.9,4566.284116478376,4563.904400000003,4561.52468352163
2026-05-18 23:45:00+03:00,4564.74,4565.15,4564.585,4564.81,102,60.2,27.4,12.4,4566.339242619494,4563.9338000000025,4561.528357380511
2026-05-18 23:46:00+03:00,4564.805,4564.85,4564.34,4564.565,138,8.8,44.1,47.1,4566.380864803279,4563.999000000003,4561.617135196728
2026-05-18 23:47:00+03:00,4564.56,4565.06,4564.085,4564.44,250,51.3,36.4,12.3,4566.244620692426,4563.950800000003,4561.6569793075805
2026-05-18 23:48:00+03:00,4564.43,4565.05,4564.145,4564.35,219,68.5,22.7,8.8,4566.016002372875,4563.882200000004,4561.748397627132
2026-05-18 23:49:00+03:00,4564.345,4564.49,4564.005,4564.005,126,29.9,0.0,70.1,4565.597620021841,4563.777600000004,4561.957579978167
2026-05-18 23:50:00+03:00,4563.97,4564.3,4563.7,4563.945,132,55.0,40.8,4.2,4565.187880539632,4563.683400000004,4562.178919460375
2026-05-18 23:51:00+03:00,4563.895,4564.235,4563.28,4564.235,113,0.0,64.4,35.6,4565.212449532905,4563.695400000003,4562.178350467101
2026-05-18 23:52:00+03:00,4564.18,4565.525,4564.16,4565.445,99,5.9,1.5,92.7,4565.415747043684,4563.753400000003,4562.0910529563225
2026-05-18 23:53:00+03:00,4565.46,4565.515,4565.31,4565.515,25,0.0,73.2,26.8,4565.614133105112,4563.815000000003,4562.015866894894
